# 微明领域词库：财经，由 glimmer-dict-convert lexicon 从 THUOCL 拆出，基础词库里没有的部分。词	音节	词频
一德	yi de	5
一本通	yi ben tong	4
一汽夏利	yi qi xia li	21
一汽富维	yi qi fu wei	4
一汽金杯	yi qi jin bei	3
七乐彩	qi le cai	7
七星电子	qi xing dian zi	5
万丰奥威	wan feng ao wei	2
万利达	wan li da	4
万力达	wan li da	10
万向德农	wan xiang de nong	1
万威国际	wan wei guo ji	8
万家乐	wan jia le	15
万家基金	wan jia ji jin	3
万年薪	wan nian xin	10
万昌科技	wan chang ke ji	1
万泽股份	wan ze gu fen	1
万象集团	wan xiang ji tuan	3
万通地产	wan tong di chan	6
万邦达	wan bang da	8
万顺昌	wan shun chang	11
三丰智能	san feng zhi neng	5
三五互联	san wu hu lian	1
三元达	san yuan da	2
三全食品	san quan shi pin	18
三力	san li	9
三力士	san li shi	6
三安光电	san an guang dian	7
三房巷	san fang xiang	4
三星电气	san xing dian qi	1
三普	san pu	8
三普药业	san pu yao ye	2
三木集团	san mu ji tuan	2
三泰电子	san tai dian zi	1
三特索道	san te suo dao	5
三维丝	san wei si	5
三联商社	san lian shang she	8
上提	shang ti	4
上月	shang yue	17
上海九百	shang hai jiu bai	10
上海佳豪	shang hai jia hao	8
上海凤凰	shang hai feng huang	9
上海凯宝	shang hai kai bao	1
上海新梅	shang hai xin mei	3
上海普天	shang hai pu tian	5
上海有色金属网	shang hai you se jin shu wang	2
上海机场	shang hai ji chang	9
上海机电	shang hai ji dian	33
上海梅林	shang hai mei lin	19
上海港机	shang hai gang ji	1
上海物贸	shang hai wu mao	4
上海电力	shang hai dian li	4
上海电气	shang hai dian qi	3
上海科技	shang hai ke ji	3
上海绿新	shang hai lv xin	4
上海莱士	shang hai lai shi	1
上海证券	shang hai zheng quan	2
上海证券报	shang hai zheng quan bao	20
上海证大	shang hai zheng da	29
上海贝岭	shang hai bei ling	6
上海辅仁	shang hai fu ren	1
上海金融	shang hai jin rong	2
上海金融学院	shang hai jin rong xue yuan	27
上海金陵	shang hai jin ling	3
上海钢联	shang hai gang lian	3
上电	shang dian	4
上破	shang po	6
上证	shang zheng	14
上证综指	shang zheng zong zhi	30
上证股	shang zheng gu	5
下破	xia po	7
下轨	xia gui	8
业务线	ye wu xian	8
东信	dong xin	10
东光集团	dong guang ji tuan	4
东华科技	dong hua ke ji	2
东华能源	dong hua neng yuan	2
东华软件	dong hua ruan jian	1
东吴嘉禾	dong wu jia he	5
东安黑豹	dong an hei bao	2
东富龙	dong fu long	1
东控	dong kong	4
东方保本	dong fang bao ben	3
东方国信	dong fang guo xin	7
东方电机	dong fang dian ji	16
东方通信	dong fang tong xin	10
东方金钰	dong fang jin yu	18
东方银星	dong fang yin xing	3
东方银行	dong fang yin hang	4
东方锆业	dong fang gao ye	1
东方雨虹	dong fang yu hong	6
东源电器	dong yuan dian qi	3
东百集团	dong bai ji tuan	2
东碳	dong tan	2
东软集团	dong ruan ji tuan	33
东锅	dong guo	5
东阿阿胶	dong e e jiao	36
东风集团	dong feng ji tuan	12
个股	ge gu	11
中侨	zhong qiao	9
中信实业银行	zhong xin shi ye yin hang	16
中信控股	zhong xin kong gu	3
中信海直	zhong xin hai zhi	16
中创信测	zhong chuang xin ce	2
中化	zhong hua	11
中化国际	zhong hua guo ji	12
中化岩土	zhong hua yan tu	1
中北	zhong bei	11
中华工商时报	zhong hua gong shang shi bao	22
中华网	zhong hua wang	12
中南重工	zhong nan zhong gong	8
中原信托	zhong yuan xin tuo	3
中原特钢	zhong yuan te gang	3
中国人民建设银行	zhong guo ren min jian she yin hang	29
中国信达资产管理公司	zhong guo xin da zi chan guan li gong si	8
中国凤凰	zhong guo feng huang	3
中国医疗	zhong guo yi liao	2
中国商报	zhong guo shang bao	18
中国国航	zhong guo guo hang	17
中国国贸	zhong guo guo mao	3
中国国际信托投资公司	zhong guo guo ji xin tuo tou zi gong si	3
中国国际招标网	zhong guo guo ji zhao biao wang	1
中国太保	zhong guo tai bao	17
中国太平	zhong guo tai ping	6
中国宝安	zhong guo bao an	9
中国平安	zhong guo ping an	4
中国忠旺	zhong guo zhong wang	9
中国报告大厅	zhong guo bao gao da ting	2
中国有色金属报	zhong guo you se jin shu bao	1
中国服装	zhong guo fu zhuang	2
中国民营经济周刊	zhong guo min ying jing ji zhou kan	2
中国水业集团	zhong guo shui ye ji tuan	2
中国水务	zhong guo shui wu	35
中国消防	zhong guo xiao fang	2
中国玻璃	zhong guo bo li	2
中国矿业	zhong guo kuang ye	6
中国科健股份有限公司	zhong guo ke jian gu fen you xian gong si	3
中国管理传播网	zhong guo guan li chuan bo wang	2
中国经济周刊	zhong guo jing ji zhou kan	31
中国经济报告	zhong guo jing ji bao gao	2
中国经济时报	zhong guo jing ji shi bao	36
中国经营报	zhong guo jing ying bao	40
中国联合商报	zhong guo lian he shang bao	4
中国股市	zhong guo gu shi	2
中国西电	zhong guo xi dian	12
中国证券报	zhong guo zheng quan bao	29
中国财富	zhong guo cai fu	6
中国财经报	zhong guo cai jing bao	5
中国资本市场	zhong guo zi ben shi chang	21
中国远洋	zhong guo yuan yang	2
中国食品	zhong guo shi pin	4
中央结算公司	zhong yang jie suan gong si	2
中孚实业	zhong fu shi ye	1
中小散户	zhong xiao san hu	9
中小板指	zhong xiao ban zhi	7
中小盘股	zhong xiao pan gu	10
中川国际	zhong chuan guo ji	2
中彩网	zhong cai wang	5
中恒	zhong heng	9
中恒电气	zhong heng dian qi	3
中恒集团	zhong heng ji tuan	9
中房	zhong fang	10
中房股份	zhong fang gu fen	5
中服	zhong fu	7
中标者	zhong biao zhe	49
中核科技	zhong he ke ji	2
中核钛白	zhong he tai bai	4
中欧鼎利	zhong ou ding li	2
中江地产	zhong jiang di chan	3
中泰化学	zhong tai hua xue	5
中海达	zhong hai da	4
中润	zhong run	9
中源	zhong yuan	6
中燕	zhong yan	3
中瑞思创	zhong rui si chuang	4
中电投	zhong dian tou	43
中盘股	zhong pan gu	4
中科	zhong ke	11
中科三环	zhong ke san huan	2
中科健	zhong ke jian	2
中科创业	zhong ke chuang ye	12
中科合臣	zhong ke he chen	3
中科英华	zhong ke ying hua	3
中科软	zhong ke ruan	2
中签	zhong qian	12
中粮屯河	zhong liang tun he	1
中纺机	zhong fang ji	3
中联债	zhong lian zhai	3
中航三鑫	zhong hang san xin	2
中航光电	zhong hang guang dian	5
中航地产	zhong hang di chan	4
中航科工	zhong hang ke gong	5
中航精机	zhong hang jing ji	1
中航重机	zhong hang zhong ji	2
中行	zhong hang	13
中西药业	zhong xi yao ye	12
中辽	zhong liao	4
中钢吉炭	zhong gang ji tan	2
中钨	zhong wu	3
中银卡	zhong yin ka	1
中银绒业	zhong yin rong ye	1
中长线	zhong chang xian	7
中集	zhong ji	11
中集安瑞科	zhong ji an rui ke	4
中集集团	zhong ji ji tuan	18
中青宝	zhong qing bao	23
中顺洁柔	zhong shun jie rou	3
中鲁	zhong lu	6
丰林集团	feng lin ji tuan	5
主力资金	zhu li zi jin	2
主要措施	zhu yao cuo shi	2
丽悦酒店	li yue jiu dian	13
丽珠集团	li zhu ji tuan	11
久立特材	jiu li te cai	5
乐电	le dian	5
九九久	jiu jiu jiu	1
九发	jiu fa	5
九州通	jiu zhou tong	23
九阳股份有限公司	jiu yang gu fen you xian gong si	1
九龙山	jiu long shan	10
买卖合同	mai mai he tong	38
买断型	mai duan xing	1
买空	mai kong	5
二季度	er ji du	29
二纺	er fang	2
二纺机	er fang ji	3
亏损面	kui sun mian	6
云南城投	yun nan cheng tou	3
云南盐化	yun nan yan hua	2
云南盐化股份有限公司	yun nan yan hua gu fen you xian gong si	4
云南锗业	yun nan zhe ye	2
云南马龙	yun nan ma long	7
云天化	yun tian hua	33
云海金属	yun hai jin shu	3
互太纺织	hu tai fang zhi	8
互联网周刊	hu lian wang zhou kan	11
五年期以上	wu nian qi yi shang	3
五洲明珠	wu zhou ming zhu	2
五矿发展	wu kuang fa zhan	10
五矿建设	wu kuang jian she	7
五矿期货	wu kuang qi huo	2
五矿证券	wu kuang zheng quan	2
五粮	wu liang	17
亚信	ya xin	12
亚夏汽车	ya xia qi che	5
亚星	ya xing	9
亚星化学	ya xing hua xue	4
亚玛顿	ya ma dun	5
交割单	jiao ge dan	1
交割日	jiao ge ri	7
交易区	jiao yi qu	12
交易厅	jiao yi ting	15
交易场	jiao yi chang	6
交易密码	jiao yi mi ma	1
交易指南	jiao yi zhi nan	1
交易日	jiao yi ri	15
交易时间	jiao yi shi jian	5
交易池	jiao yi chi	1
交易规则	jiao yi gui ze	40
交行	jiao hang	13
交货价	jiao huo jia	1
交货单	jiao huo dan	4
交钥匙	jiao yao shi	25
交银施罗德	jiao yin shi luo de	6
交银添利	jiao yin tian li	2
交银环球	jiao yin huan qiu	2
产业资本	chan ye zi ben	15
产品介绍	chan pin jie shao	3
产权导刊	chan quan dao kan	3
亨通光电	heng tong guang dian	1
京信通信	jing xin tong xin	15
京投银泰	jing tou yin tai	3
京运通	jing yun tong	6
亿安	yi an	5
亿阳信通	yi yang xin tong	1
仓单	cang dan	14
仕奇	shi qi	12
付息日	fu xi ri	2
代理制	dai li zhi	10
代领人	dai ling ren	16
仪化	yi hua	7
仲裁规则	zhong cai gui ze	12
价内权证	jia nei quan zheng	3
价格改革	jia ge gai ge	47
价税	jia shui	26
企业所得税法	qi ye suo de shui fa	23
伊立浦	yi li pu	6
众业达	zhong ye da	5
伟易达集团	wei yi da ji tuan	8
伦敦金	lun dun jin	3
低价股	di jia gu	4
低吸	di xi	7
低开	di kai	11
低点	di dian	13
体制性	ti zhi xing	20
佳士科技	jia shi ke ji	23
佳纸	jia zhi	1
供给区	gong ji qu	5
侨兴环球	qiao xing huan qiu	1
保函	bao han	38
保利地产	bao li di chan	19
保利达资产	bao li da zi chan	13
保增长	bao zeng zhang	1
保理商	bao li shang	8
保管人	bao guan ren	5
保网	bao wang	8
保荐制	bao jian zhi	4
保额	bao e	44
信息披露制度	xin xi pi lu zhi du	2
信息早报	xin xi zao bao	1
信托合同	xin tuo he tong	1
信托资产	xin tuo zi chan	22
信用度	xin yong du	30
信立泰	xin li tai	6
信联	xin lian	7
信诚四季红	xin cheng si ji hong	3
信诺	xin nuo	9
信贷资产	xin dai zi chan	12
信贷资金	xin dai zi jin	10
信达地产	xin da di chan	11
信达期货	xin da qi huo	2
信达证券	xin da zheng quan	11
信达资产	xin da zi chan	27
信达资产管理公司	xin da zi chan guan li gong si	17
借报	jie bao	2
债务国	zhai wu guo	28
债市	zhai shi	10
债权国	zhai quan guo	49
假账	jia zhang	25
做空	zuo kong	10
停业通知书	ting ye tong zhi shu	4
健康元	jian kang yuan	4
健康险	jian kang xian	15
储备头寸	chu bei tou cun	1
储蓄券	chu xu quan	16
储蓄卡	chu xu ka	21
先施	xian shi	7
光大保德信	guang da bao de xin	2
免代理费	mian dai li fei	3
兑付期	dui fu qi	1
入市	ru shi	9
入股协议	ru gu xie yi	4
全局观	quan ju guan	3
全权信托	quan quan xin tuo	1
全球商业	quan qiu shang ye	3
全球商业经典	quan qiu shang ye jing dian	4
全球资本市场	quan qiu zi ben shi chang	10
全面发力	quan mian fa li	1
八一钢铁	ba yi gang tie	12
公司制	gong si zhi	11
公司理财	gong si li cai	15
公用科技	gong yong ke ji	1
公积金率	gong ji jin lv	2
公营化	gong ying hua	8
六渡桥	liu du qiao	18
六福集团	liu fu ji tuan	10
兰光	lan guang	5
兰铝	lan lv	1
共保	gong bao	7
共合网	gong he wang	2
兴业卡	xing ye ka	3
兴利集团	xing li ji tuan	2
兴达国际	xing da guo ji	5
典当行	dian dang hang	28
内盘	nei pan	6
内蒙君正	nei meng jun zheng	4
内蒙宏峰	nei meng hong feng	2
内部控制	nei bu kong zhi	2
内部资料	nei bu zi liao	3
农商社	nong shang she	2
农行卡	nong hang ka	1
冠城大通	guan cheng da tong	5
冰熊	bing xiong	16
冲高	chong gao	9
冷却期	leng que qi	23
净利润率	jing li run lv	9
净现值	jing xian zhi	43
准贷记卡	zhun dai ji ka	5
减仓	jian cang	1
凤凰股	feng huang gu	1
凤凰财经	feng huang cai jing	13
凤竹纺织	feng zhu fang zhi	1
凯地	kai di	5
凯美特气	kai mei te qi	5
凯诺科技	kai nuo ke ji	4
凯迪电力	kai di dian li	1
凯马	kai ma	7
出千	chu qian	7
出口业	chu kou ye	26
出口人	chu kou ren	4
出售方	chu shou fang	2
出清	chu qing	10
出票人	chu piao ren	24
出租人	chu zu ren	12
分散化	fen san hua	39
分行制	fen hang zhi	1
划断	hua duan	1
创业网	chuang ye wang	3
创业计划书	chuang ye ji hua shu	1
利多消息	li duo xiao xi	5
利差	li cha	12
利息率	li xi lv	16
利源铝业	li yuan lv ye	5
利空	li kong	13
利记	li ji	7
利邦	li bang	5
到账	dao zhang	29
前手	qian shou	7
前笔	qian bi	7
力合股份有限公司	li he gu fen you xian gong si	1
办税厅	ban shui ting	10
办税员	ban shui yuan	5
加仓	jia cang	11
加拿大元	jia na da yuan	9
劳埃德银行	lao ai de yin hang	44
包头铝业	bao tou lv ye	3
化工股	hua gong gu	1
北亚集团	bei ya ji tuan	3
北京利尔	bei jing li er	5
北京华联	bei jing hua lian	38
北京君正	bei jing jun zheng	10
北京国投	bei jing guo tou	1
北京旅游	bei jing lv you	4
北京科锐	bei jing ke rui	1
北京银行	bei jing yin hang	10
北新路桥	bei xin lu qiao	4
北旅	bei lv	5
北海港	bei hai gang	17
北海集团	bei hai ji tuan	15
北满特钢	bei man te gang	13
北玻股份	bei bo gu fen	5
北矿	bei kuang	1
北辰实业	bei chen shi ye	11
北陆药业	bei lu yao ye	3
区域型	qu yu xing	4
半仓	ban cang	1
半年报	ban nian bao	22
半年期	ban nian qi	8
华东医药股份有限公司	hua dong yi yao gu fen you xian gong si	5
华丰集团	hua feng ji tuan	7
华仁药业	hua ren yao ye	2
华力创通	hua li chuang tong	3
华北制药	hua bei zhi yao	47
华北银行	hua bei yin hang	23
华升股份	hua sheng gu fen	4
华商产业	hua shang chan ye	3
华商银行	hua shang yin hang	28
华塑	hua su	18
华夏通	hua xia tong	1
华天酒店	hua tian jiu dian	6
华孚色纺	hua fu se fang	5
华安宏利	hua an hong li	5
华安宝利	hua an bao li	5
华安富利	hua an fu li	2
华微电子	hua wei dian zi	2
华昌化工	hua chang hua gong	3
华昌达	hua chang da	7
华海药业	hua hai yao ye	13
华润锦华	hua run jin hua	2
华源	hua yuan	11
华盛达	hua sheng da	2
华神集团	hua shen ji tuan	5
华联商厦	hua lian shang sha	38
华联综超	hua lian zong chao	2
华芳纺织	hua fang fang zhi	1
华菱钢铁	hua ling gang tie	19
华融资产管理公司	hua rong zi chan guan li gong si	27
华讯	hua xun	5
华资实业	hua zi shi ye	9
华远地产	hua yuan di chan	16
华银电力	hua yin dian li	6
华阳科技	hua yang ke ji	2
华陶	hua tao	20
华靖	hua jing	1
华鼎锦纶	hua ding jin lun	1
华龙集团	hua long ji tuan	1
协调部	xie tiao bu	8
卓尔发展	zhuo er fa zhan	2
卓悦控股	zhuo yue kong gu	22
卓越理财	zhuo yue li cai	26
单币	dan bi	1
单币卡	dan bi ka	1
单选	dan xuan	10
卖空者	mai kong zhe	5
卖超	mai chao	3
南京新港	nan jing xin gang	5
南京新百	nan jing xin bai	3
南京港	nan jing gang	9
南京港股份有限公司	nan jing gang gu fen you xian gong si	3
南京银行	nan jing yin hang	23
南化	nan hua	9
南华期货	nan hua qi huo	6
南华集团	nan hua ji tuan	15
南博网	nan bo wang	2
南国置业	nan guo zhi ye	3
南天信息	nan tian xin xi	3
南宁糖业	nan ning tang ye	3
南宁糖业股份有限公司	nan ning tang ye gu fen you xian gong si	4
南山铝业	nan shan lv ye	3
南开戈德	nan kai ge de	2
南控	nan kong	7
南方公司	nan fang gong si	9
南方建材股份有限公司	nan fang jian cai gu fen you xian gong si	4
南方汇通股份有限公司	nan fang hui tong gu fen you xian gong si	3
南油物业	nan you wu ye	4
南玻集团	nan bo ji tuan	4
南百	nan bai	4
南网	nan wang	11
南证	nan zheng	4
南通科技	nan tong ke ji	4
南顺	nan shun	8
博信	bo xin	7
博耳电力	bo er dian li	3
博软	bo ruan	1
卡中心	ka zhong xin	6
卡包	ka bao	9
卡号	ka hao	14
卡样	ka yang	6
卡种	ka zhong	9
卡菲尔	ka fei er	3
卧龙地产	wo long di chan	2
即期	ji qi	9
厦工股份	xia gong gu fen	2
厦新	xia xin	4
厦门信达	xia men xin da	5
厦门信达股份有限公司	xia men xin da gu fen you xian gong si	4
厦门厦工	xia men xia gong	2
厦门国贸	xia men guo mao	5
厦门国际银行	xia men guo ji yin hang	30
厦门路桥	xia men lu qiao	3
厦门钨业	xia men wu ye	5
参保率	can bao lv	15
友邦华泰	you bang hua tai	3
友阿股份	you a gu fen	1
双币	shuang bi	18
双币卡	shuang bi ka	6
双平	shuang ping	4
双底	shuang di	8
双箭股份	shuang jian gu fen	2
双色球	shuang se qiu	29
双账户	shuang zhang hu	3
双赔	shuang pei	1
双马	shuang ma	9
反洗钱法	fan xi qian fa	7
反馈单	fan kui dan	1
发票管理办法	fa piao guan li ban fa	1
发票领购本	fa piao ling gou ben	2
发票领购簿	fa piao ling gou bu	4
发行方案	fa xing fang an	2
发行期	fa xing qi	9
取现	qu xian	17
受损者	shou sun zhe	4
受理人	shou li ren	2
口令卡	kou ling ka	2
古币	gu bi	42
古汉集团	gu han ji tuan	5
古越龙山	gu yue long shan	20
可用资产	ke yong zi chan	4
史密森协定	shi mi sen xie ding	10
合伙制	he huo zhi	21
合兴集团	he xing ji tuan	17
合富辉煌	he fu hui huang	11
合并资产负债表	he bing zi chan fu zhai biao	1
合肥三洋	he fei san yang	24
合肥百货	he fei bai huo	7
合肥美菱股份有限公司	he fei mei ling gu fen you xian gong si	6
合臣	he chen	5
吉峰农机	ji feng nong ji	5
吉恩镍业	ji en nie ye	7
吉林制药股份有限公司	ji lin zhi yao gu fen you xian gong si	2
吉林化工	ji lin hua gong	9
吉林化纤	ji lin hua xian	7
吉林森工	ji lin sen gong	9
吉林炭素	ji lin tan su	2
吉纸	ji zhi	2
吉诺尔	ji nuo er	18
同洲电子	tong zhou dian zi	3
同济堂	tong ji tang	3
后市	hou shi	14
启明信息	qi ming xin xi	1
员工持股计划	yuan gong chi gu ji hua	16
和而泰	he er tai	2
和讯	he xun	7
咨询报告	zi xun bao gao	45
哈动力	ha dong li	3
哈慈	ha ci	4
哈投股份	ha tou gu fen	2
哈特佛	ha te fo	6
哈药股份	ha yao gu fen	3
哈药集团	ha yao ji tuan	32
哈飞航空	ha fei hang kong	3
哈高科	ha gao ke	7
唐山港	tang shan gang	24
唐陶	tang tao	8
售尽	shou jin	6
售楼部	shou lou bu	17
商业城	shang ye cheng	11
商业银行法	shang ye yin hang fa	21
商务周刊	shang wu zhou kan	13
商界评论	shang jie ping lun	1
商网	shang wang	10
商通卡	shang tong ka	1
嘉实恒生	jia shi heng sheng	2
嘉瑞	jia rui	7
四创	si chuang	3
四季度	si ji du	34
四川双马	si chuan shuang ma	2
四川圣达	si chuan sheng da	3
四川湖山	si chuan hu shan	1
四川电器	si chuan dian qi	1
四川经济日报	si chuan jing ji ri bao	2
四方达	si fang da	3
四洲集团	si zhou ji tuan	43
四维图新	si wei tu xin	11
四通	si tong	10
回天胶业	hui tian jiao ye	2
回收期	hui shou qi	7
回档	hui dang	7
回次	hui ci	6
回调	hui tiao	14
团办	tuan ban	6
固定资本	gu ding zi ben	26
固额	gu e	1
国九条	guo jiu tiao	1
国信证券	guo xin zheng quan	30
国富强债	guo fu qiang zhai	2
国投	guo tou	11
国投瑞银	guo tou rui yin	2
国星光电	guo xing guang dian	3
国民银行	guo min yin hang	9
国泰上证	guo tai shang zheng	1
国泰双利	guo tai shuang li	3
国泰纳指	guo tai na zhi	4
国泰进取	guo tai jin qu	5
国泰金牛	guo tai jin niu	5
国泰金马	guo tai jin ma	3
国泰金鹏	guo tai jin peng	2
国泰金鹰	guo tai jin ying	5
国泰金鹿	guo tai jin lu	4
国泰金鼎	guo tai jin ding	4
国泰金龙	guo tai jin long	5
国海富兰克林	guo hai fu lan ke lin	7
国瓷	guo ci	11
国电	guo dian	13
国电南瑞	guo dian nan rui	4
国电南自	guo dian nan zi	1
国研网	guo yan wang	4
国统股份	guo tong gu fen	2
国网	guo wang	13
国联信托	guo lian xin tuo	3
国联安	guo lian an	9
国联安双禧	guo lian an shuang xi	3
国能	guo neng	7
国资局	guo zi ju	5
国通	guo tong	9
国阳新能	guo yang xin neng	1
国际商报	guo ji shang bao	3
国际结算	guo ji jie suan	46
国际融资	guo ji rong zi	20
国际金融市场	guo ji jin rong shi chang	28
国际金融报	guo ji jin rong bao	11
国际银行	guo ji yin hang	10
圣方	sheng fang	8
圣莱达	sheng lai da	6
圣阳股份	sheng yang gu fen	3
圣雪绒	sheng xue rong	12
在线咨询	zai xian zi xun	8
地产股	di chan gu	20
地量	di liang	9
均线	jun xian	11
坏账率	huai zhang lv	2
垃圾股	la ji gu	3
城投控股	cheng tou kong gu	2
基期	ji qi	10
基民	ji min	10
基金合同	ji jin he tong	7
塑料钞	su liao chao	8
填权	tian quan	1
增值税普通发票	zeng zhi shui pu tong fa piao	2
增资额	zeng zi e	1
士兰微	shi lan wei	2
备付金	bei fu jin	5
备抵	bei di	21
备用费	bei yong fei	6
复旦复华	fu dan fu hua	4
夏新	xia xin	7
外国投资法	wai guo tou zi fa	8
外汇宝	wai hui bao	4
外汇资产	wai hui zi chan	14
外汇资金	wai hui zi jin	15
外汇通	wai hui tong	4
外盘	wai pan	10
外管局	wai guan ju	10
多伦股份	duo lun gu fen	8
多佳	duo jia	4
多氟多	duo fu duo	2
大东南	da dong nan	3
大东海	da dong hai	11
大中华集团	da zhong hua ji tuan	8
大亚科技股份有限公司	da ya ke ji gu fen you xian gong si	2
大众交通	da zhong jiao tong	3
大众投资	da zhong tou zi	2
大众理财顾问	da zhong li cai gu wen	4
大冶特钢	da ye te gang	2
大冷	da leng	2
大化	da hua	10
大北农	da bei nong	1
大华农	da hua nong	12
大华股份	da hua gu fen	14
大富科技	da fu ke ji	2
大庆华科	da qing hua ke	2
大摩	da mo	9
大智慧	da zhi hui	3
大有期货	da you qi huo	7
大牛市	da niu shi	2
大盈	da ying	5
大盘	da pan	15
大盘股	da pan gu	8
大莱卡	da lai ka	2
大行情	da hang qing	3
大资金	da zi jin	5
大通曼哈顿银行	da tong man ha dun yin hang	29
大降	da jiang	9
天伦置业	tian lun zhi ye	4
天利高新	tian li gao xin	4
天原集团	tian yuan ji tuan	2
天合光能	tian he guang neng	10
天喻信息	tian yu xin xi	1
天士力	tian shi li	20
天安	tian an	13
天宏	tian hong	8
天富	tian fu	8
天富热电	tian fu re dian	2
天广消防	tian guang xiao fang	3
天弘	tian hong	11
天弘丰利	tian hong feng li	2
天弘永定	tian hong yong ding	3
天方	tian fang	9
天桥百货	tian qiao bai huo	8
天治双盈	tian zhi shuang ying	2
天津普林	tian jin pu lin	4
天津海运	tian jin hai yun	4
天润曲轴	tian run qu zhou	4
天源迪科	tian yuan di ke	2
天然碱	tian ran jian	46
天目药	tian mu yao	3
天目药业	tian mu yao ye	4
天香	tian xiang	9
天马精化	tian ma jing hua	4
天马股份	tian ma gu fen	2
天鸿	tian hong	9
天鸿宝业	tian hong bao ye	5
天龙光电	tian long guang dian	5
天龙集团	tian long ji tuan	1
太光	tai guang	3
太光电信	tai guang dian xin	3
奕达	yi da	10
奖励费	jiang li fei	7
套利	tao li	9
奥克股份	ao ke gu fen	5
奥普光电	ao pu guang dian	5
奥维通信	ao wei tong xin	5
奥运卡	ao yun ka	3
好时光	hao shi guang	4
如家	ru jia	6
委托单	wei tuo dan	8
威尔泰	wei er tai	2
威胜集团	wei sheng ji tuan	3
威达	wei da	9
存定期	cun ding qi	9
存款保险制度	cun kuan bao xian zhi du	23
存贷款	cun dai kuan	49
宁夏恒力	ning xia heng li	2
宁天龙	ning tian long	2
宁波富邦	ning bo fu bang	27
宁波银行	ning bo yin hang	33
宁波韵升	ning bo yun sheng	3
宇信易诚	yu xin yi cheng	3
安信信托	an xin xin tuo	2
安全度	an quan du	10
安全边际	an quan bian ji	24
安凯客车	an kai ke che	18
安居宝	an ju bao	1
安彩	an cai	6
安泰科技	an tai ke ji	3
安泰科技股份有限公司	an tai ke ji gu fen you xian gong si	2
安泰集团	an tai ji tuan	7
安纳达	an na da	8
安联集团	an lian ji tuan	13
完税证	wan shui zheng	1
宏业集团	hong ye ji tuan	3
宏华集团	hong hua ji tuan	3
宏安集团	hong an ji tuan	46
宏峰	hong feng	35
宏智	hong zhi	32
定向增发	ding xiang zeng fa	36
定投	ding tou	3
定税	ding shui	5
宜华	yi hua	15
宜华地产	yi hua di chan	1
宜华木业	yi hua mu ye	2
宝丽华	bao li hua	4
宝信	bao xin	8
宝利来	bao li lai	16
宝姿	bao zi	12
宝瑞通典当行	bao rui tong dian dang hang	7
宝莫股份	bao mo gu fen	4
宝莱特	bao lai te	8
宝诚	bao cheng	8
宝龙地产	bao long di chan	15
实卡	shi ka	5
实得	shi de	10
实德环球	shi de huan qiu	10
实施标准	shi shi biao zhun	4
实益达	shi yi da	1
实盘	shi pan	6
实股	shi gu	1
实际公司	shi ji gong si	2
审计意见	shen ji yi jian	7
审计结果	shen ji jie guo	38
家润多	jia run duo	6
富华集团	fu hua ji tuan	1
富国天成	fu guo tian cheng	2
对价	dui jia	9
对外资	dui wai zi	31
对账单	dui zhang dan	12
对赌	dui du	10
封盘	feng pan	18
封转开	feng zhuan kai	1
封闭期	feng bi qi	2
小牌	xiao pai	4
小盘	xiao pan	7
小盘股	xiao pan gu	5
小股民	xiao gu min	13
小肥羊	xiao fei yang	40
小阳	xiao yang	10
尤洛卡	you luo ka	5
尾盘	wei pan	32
展讯	zhan xun	23
履约保函	lv yue bao han	2
履约率	lv yue lv	1
山东墨龙	shan dong mo long	3
山东如意	shan dong ru yi	6
山东威达	shan dong wei da	4
山东德棉股份有限公司	shan dong de mian gu fen you xian gong si	2
山东矿机	shan dong kuang ji	3
山东铝业	shan dong lv ye	3
山东鲁阳	shan dong lu yang	3
山东鲁阳股份有限公司	shan dong lu yang gu fen you xian gong si	4
山推股份	shan tui gu fen	4
山煤国际	shan mei guo ji	3
山航	shan hang	10
岷电	min dian	2
川化股份有限公司	chuan hua gu fen you xian gong si	1
川大智胜	chuan da zhi sheng	1
川金路	chuan jin lu	2
巢东股份	chao dong gu fen	3
工作方案	gong zuo fang an	9
工新	gong xin	2
工行	gong hang	14
工银亚洲	gong yin ya zhou	24
工银保本	gong yin bao ben	2
工银添利	gong yin tian li	5
工银添颐	gong yin tian yi	5
巨星科技	ju xing ke ji	1
巨潮	ju chao	3
巨额交易	ju e jiao yi	9
巨龙管业	ju long guan ye	3
市净率	shi jing lv	25
市场供求	shi chang gong qiu	34
市场报	shi chang bao	24
市场部	shi chang bu	14
常柴	chang chai	5
常胜网	chang sheng wang	4
平值	ping zhi	2
平券	ping quan	3
平均利润	ping jun li run	5
平均利率	ping jun li lv	3
平安集团	ping an ji tuan	28
平邮	ping you	17
年审	nian shen	13
年收益	nian shou yi	3
广东广信	guang dong guang xin	3
广东星湖	guang dong xing hu	4
广东百灵信	guang dong bai ling xin	3
广东科德	guang dong ke de	2
广发	guang fa	13
广发华福	guang fa hua fu	2
广夏	guang xia	7
广宇集团	guang yu ji tuan	1
广州万隆	guang zhou wan long	3
广州冷机	guang zhou leng ji	2
广州冷机股份有限公司	guang zhou leng ji gu fen you xian gong si	2
广州分行	guang zhou fen hang	47
广州国光	guang zhou guo guang	2
广州浪奇	guang zhou lang qi	14
广汽长丰	guang qi chang feng	17
广电信息	guang dian xin xi	8
广电运通	guang dian yun tong	6
广百股份	guang bai gu fen	13
广联达	guang lian da	8
库藏股	ku cang gu	35
康大食品	kang da shi pin	3
康得新	kang de xin	20
康盛股份	kang sheng gu fen	2
康美债	kang mei zhai	2
康耐特	kang nai te	1
康菲石油	kang fei shi you	18
康赛	kang sai	5
康达尔	kang da er	16
建仓	jian cang	25
建信	jian xin	10
建研集团	jian yan ji tuan	2
建行卡	jian hang ka	5
建通	jian tong	8
开卡	kai ka	12
开尔新材	kai er xin cai	3
开户费	kai hu fei	9
开拓进取	kai tuo jin qu	29
开放经济	kai fang jing ji	4
异动股	yi dong gu	2
张铜	zhang tong	2
当代经理人	dang dai jing li ren	2
当代金融家	dang dai jin rong jia	1
彩票点	cai piao dian	7
彩票网	cai piao wang	6
彼得林奇	bi de lin qi	4
征用权	zheng yong quan	26
征管处	zheng guan chu	2
待评	dai ping	1
徐工科技	xu gong ke ji	1
微利股	wei li gu	2
德信集团	de xin ji tuan	6
德国安联	de guo an lian	2
德棉	de mian	1
德盛增利	de sheng zeng li	2
德累斯顿银行	de lei si dun yin hang	41
德豪润达	de hao run da	1
快公司	kuai gong si	7
总成交量	zong cheng jiao liang	13
总房价	zong fang jia	1
总水平	zong shui ping	7
总负债	zong fu zhai	37
总需求	zong xu qiu	12
恒基达鑫	heng ji da xin	2
恒泰大通	heng tai da tong	4
恒泰艾普	heng tai ai pu	1
恒立	heng li	16
息票	xi piao	35
情况表	qing kuang biao	5
惠博普	hui bo pu	6
惠天	hui tian	9
惨绿	can lv	12
成功营销	cheng gong ying xiao	8
成商集团	cheng shang ji tuan	2
成都路桥	cheng du lu qiao	3
成长先锋	cheng zhang xian feng	1
成长性	cheng zhang xing	8
战略家	zhan lve jia	12
戴尔电脑	dai er dian nao	38
房地产评估	fang di chan ping gu	2
房改房	fang gai fang	8
房款	fang kuan	26
所有权证	suo you quan zheng	9
手工票	shou gong piao	4
打印单	da yin dan	1
扛住	kang zhu	12
扩仓	kuo cang	5
扫盘	sao pan	5
承担者	cheng dan zhe	6
承诺费	cheng nuo fei	1
承销团	cheng xiao tuan	14
承销额	cheng xiao e	1
技术条件	ji shu tiao jian	3
技术面	ji shu mian	5
抄底	chao di	4
把控	ba kong	3
把握机遇	ba wo ji yu	22
投标书	tou biao shu	29
投票门	tou piao men	4
投资与合作	tou zi yu he zuo	5
投资业	tou zi ye	29
投资参考	tou zi can kao	3
投资品	tou zi pin	7
投资型	tou zi xing	11
投资学	tou zi xue	8
投资家	tou zi jia	11
投资性	tou zi xing	12
投资指南	tou zi zhi nan	14
投资收藏	tou zi shou cang	1
投资有道	tou zi you dao	6
投资期	tou zi qi	8
投资界	tou zi jie	21
投资者关系	tou zi zhe guan xi	30
投资者教育	tou zi zhe jiao yu	20
投资量	tou zi liang	9
抗跌	kang die	4
折价率	zhe jia lv	2
折子钱	zhe zi qian	2
折现率	zhe xian lv	33
抚顺特钢	fu shun te gang	25
抛盘	pao pan	2
抢单	qiang dan	5
护盘	hu pan	23
报告期	bao gao qi	6
报喜鸟	bao xi niao	7
报查	bao cha	4
抵押合同	di ya he tong	1
抵押率	di ya lv	8
担保函	dan bao han	3
担保品	dan bao pin	38
担保法	dan bao fa	12
担保费	dan bao fei	12
担保金	dan bao jin	35
拆细	chai xi	44
拆股	chai gu	7
拉高均价	la gao jun jia	2
拒批	ju pi	29
拓尔思	tuo er si	2
拓日新能	tuo ri xin neng	4
招募说明书	zhao mu shuo ming shu	3
招商局中国基金	zhao shang ju zhong guo ji jin	4
招标者	zhao biao zhe	4
招行	zhao hang	11
招行卡	zhao hang ka	3
拨回	bo hui	25
拨用	bo yong	3
持仓不动	chi cang bu dong	2
持币	chi bi	16
持本单	chi ben dan	2
挂价	gua jia	1
挂帐	gua zhang	4
指令部	zhi ling bu	3
指数化	zhi shu hua	22
指标体系	zhi biao ti xi	41
指标股	zhi biao gu	2
按年	an nian	3
按日	an ri	12
按月	an yue	14
振业集团	zhen ye ji tuan	3
振华港机	zhen hua gang ji	3
振新	zhen xin	4
换手率	huan shou lv	7
授予者	shou yu zhe	3
掉期	diao qi	9
探底	tan di	19
控盘	kong pan	5
提额	ti e	8
揽存	lan cun	8
搜于特	sou yu te	1
携程网	xie cheng wang	30
摩根斯坦利	mo gen si tan li	29
摩根财团	mo gen cai tuan	9
操作指南	cao zuo zhi nan	28
操作流程	cao zuo liu cheng	48
操作规范	cao zuo gui fan	25
攀渝钛业	pan yu tai ye	1
支取凭证	zhi qu ping zheng	3
收官日	shou guan ri	3
收汇	shou hui	19
收益宝	shou yi bao	4
收盘报	shou pan bao	49
收结汇	shou jie hui	2
收购人	shou gou ren	8
收购方	shou gou fang	22
收购者	shou gou zhe	8
收费收据	shou fei shou ju	3
收还	shou huan	2
改票	gai piao	6
放量	fang liang	8
政策工具	zheng ce gong ju	2
政策面	zheng ce mian	5
救市	jiu shi	13
文印室	wen yin shi	1
斩仓	zhan cang	13
断点	duan dian	9
斯伦贝榭	si lun bei xie	3
斯普林特	si pu lin te	46
斯达康	si da kang	30
新东方	xin dong fang	7
新中基	xin zhong ji	2
新五丰	xin wu feng	7
新低点	xin di dian	12
新北洋	xin bei yang	3
新华基金	xin hua ji jin	4
新华百货	xin hua bai huo	3
新华财经	xin hua cai jing	14
新华都	xin hua du	6
新华银行	xin hua yin hang	36
新华锦	xin hua jin	1
新卡	xin ka	11
新台阶	xin tai jie	47
新和成	xin he cheng	3
新嘉联	xin jia lian	4
新大洲	xin da zhou	10
新太	xin tai	4
新奥燃气	xin ao ran qi	10
新威国际	xin wei guo ji	3
新宏信	xin hong xin	2
新宙邦	xin zhou bang	8
新希望	xin xi wang	4
新开普	xin kai pu	1
新机制	xin ji zhi	10
新材	xin cai	35
新海宜	xin hai yi	3
新疆天业	xin jiang tian ye	3
新疆天宏	xin jiang tian hong	5
新疆屯河	xin jiang tun he	1
新秀丽	xin xiu li	24
新经济	xin jing ji	13
新莱应材	xin lai ying cai	1
新营销	xin ying xiao	5
新财富	xin cai fu	43
新财经	xin cai jing	6
新资本	xin zi ben	2
新都酒店	xin du jiu dian	17
新野纺织	xin ye fang zhi	4
新锦华	xin jin hua	4
新锦江	xin jin jiang	13
新高点	xin gao dian	17
新鸿基公司	xin hong ji gong si	20
新黄浦	xin huang pu	24
新龙国际	xin long guo ji	4
新龙头	xin long tou	5
方兴地产	fang xing di chan	18
方大特钢	fang da te gang	1
方大集团	fang da ji tuan	29
方正富邦	fang zheng fu bang	3
方源	fang yuan	7
旗滨集团	qi bin ji tuan	6
无锡尚德	wu xi shang de	4
日照港	ri zhao gang	45
日科化学	ri ke hua xue	5
日线	ri xian	9
日线图	ri xian tu	2
日经指数	ri jing zhi shu	17
日贷	ri dai	2
旧股	jiu gu	21
早盘	zao pan	12
昌河	chang he	10
明星电力	ming xing dian li	7
明泰铝业	ming tai lv ye	4
易世达	yi shi da	5
易基	yi ji	3
易宝	yi bao	23
易方达	yi fang da	12
易方达基金	yi fang da ji jin	7
易联众	yi lian zhong	4
晋察冀边区银行	jin cha ji bian qu yin hang	18
晨鸣	chen ming	22
普天	pu tian	9
普天债	pu tian zhai	2
普天债券	pu tian zhai quan	3
普天收益	pu tian shou yi	4
普民	pu min	6
普洛康裕	pu luo kang yu	3
普洛股份	pu luo gu fen	3
普涨	pu zhang	12
普跌	pu die	1
景顺长城	jing shun chang cheng	7
暴升	bao sheng	45
有偿转让	you chang zhuan rang	21
有效市场假说	you xiao shi chang jia shuo	13
服务协议	fu wu xie yi	6
服务营销	fu wu ying xiao	7
朗伯德街	lang bo de jie	29
望春花	wang chun hua	7
朝华	zhao hua	8
期权费	qi quan fei	3
期货交易管理条例	qi huo jiao yi guan li tiao li	1
期货公司	qi huo gong si	44
本实	ben shi	2
机制性	ji zhi xing	17
机电股	ji dian gu	2
杀跌	sha die	11
权智	quan zhi	4
杜约翰	du yue han	3
条形图	tiao xing tu	34
杨红革	yang hong ge	2
杭汽轮	hang qi lun	3
松辽汽车	song liao qi che	4
林州重机	lin zhou zhong ji	2
查库	cha ku	6
株冶集团	zhu ye ji tuan	1
核准制	he zhun zhi	5
格式合同	ge shi he tong	4
桂东电力	gui dong dian li	3
桂林旅游	gui lin lv you	17
桐君阁	tong jun ge	4
梅花伞	mei hua san	1
梅花伞业股份有限公司	mei hua san ye gu fen you xian gong si	2
梅雁水电	mei yan shui dian	1
棱光	leng guang	2
横盘	heng pan	2
橡果国际	xiang guo guo ji	10
次新股	ci xin gu	3
次月	ci yue	13
欣龙无纺	xin long wu fang	1
欧亚集团	ou ya ji tuan	35
欧比特	ou bi te	14
止损	zhi sun	33
正常性	zheng chang xing	9
正泰电器	zheng tai dian qi	13
武汉凡谷	wu han fan gu	1
死股	si gu	2
残余价值	can yu jia zhi	3
残值	can zhi	34
残值率	can zhi lv	4
毒笔	du bi	2
比亚迪股份	bi ya di gu fen	2
民丰特纸	min feng te zhi	1
民生证券	min sheng zheng quan	11
民间借贷	min jian jie dai	43
气势如虹	qi shi ru hong	43
永利带业	yong li dai ye	6
永嘉集团	yong jia ji tuan	4
永大	yong da	8
永大集团	yong da ji tuan	3
汇丰晋信	hui feng jin xin	1
汇丰晋信基金	hui feng jin xin ji jin	4
汇丰晋信龙腾	hui feng jin xin long teng	3
汇丽	hui li	17
汇划	hui hua	24
汇多利	hui duo li	1
汇宝集团	hui bao ji tuan	2
汇款人	hui kuan ren	10
汇添富	hui tian fu	10
汇通能源	hui tong neng yuan	4
汇通集团	hui tong ji tuan	3
江中药业	jiang zhong yao ye	3
江力	jiang li	6
江海股份	jiang hai gu fen	2
江苏吴中	jiang su wu zhong	6
江苏宏宝	jiang su hong bao	5
江苏旷达	jiang su kuang da	2
江苏纺织	jiang su fang zhi	1
江钻	jiang zuan	8
汤姆逊路透	tang mu xun lu tou	1
汤臣倍健	tang chen bei jian	19
汤臣集团	tang chen ji tuan	38
沙隆达	sha long da	35
沧州大化	cang zhou da hua	1
沪建	hu jian	5
沪指	hu zhi	43
沪科	hu ke	2
沪铜	hu tong	2
河化	he hua	4
河北钢铁	he bei gang tie	44
法人股	fa ren gu	48
法人银行	fa ren yin hang	24
法律部	fa lv bu	10
法拉电子	fa la dian zi	1
法郎区	fa lang qu	19
泛海酒店	fan hai jiu dian	7
波段性	bo duan xing	8
注意力经济	zhu yi li jing ji	18
注销户	zhu xiao hu	3
泰京银行	tai jing yin hang	29
泰复	tai fu	4
泰达宏利	tai da hong li	7
泰达宏利基金	tai da hong li ji jin	7
泸州老窖股份有限公司	lu zhou lao jiao gu fen you xian gong si	8
洗盘	xi pan	5
洛玻	luo bo	40
洛阳玻璃	luo yang bo li	4
津劝业	jin quan ye	4
洪都航空	hong du hang kong	23
派息日	pai xi ri	1
流动资金量	liu dong zi jin liang	3
济柴	ji chai	3
浙大海纳	zhe da hai na	3
浙江三花股份有限公司	zhe jiang san hua gu fen you xian gong si	4
浙江永强	zhe jiang yong qiang	3
浙江海亮	zhe jiang hai liang	6
浙江海亮股份有限公司	zhe jiang hai liang gu fen you xian gong si	3
浙江海纳	zhe jiang hai na	3
浦东建设	pu dong jian she	4
浦东金桥	pu dong jin qiao	13
浦发	pu fa	41
浦银	pu yin	9
浦银安盛	pu yin an sheng	2
浦银安盛基金	pu yin an sheng ji jin	1
浦银红利	pu yin hong li	2
浩宁达	hao ning da	4
浪莎	lang sha	4
海伦哲	hai lun zhe	7
海信电器	hai xin dian qi	4
海兰信	hai lan xin	7
海南海药	hai nan hai yao	2
海南海药股份有限公司	hai nan hai yao gu fen you xian gong si	5
海南省信托投资公司	hai nan sheng xin tuo tou zi gong si	2
海外投资法	hai wai tou zi fa	4
海大集团	hai da ji tuan	2
海宁皮城	hai ning pi cheng	5
海富通	hai fu tong	8
海德股份	hai de gu fen	1
海普瑞	hai pu rui	8
海格通信	hai ge tong xin	4
海正药业	hai zheng yao ye	8
海泰	hai tai	9
海源机械	hai yuan ji xie	3
海王生物	hai wang sheng wu	4
海王英特龙	hai wang ying te long	8
海王集团	hai wang ji tuan	11
海立	hai li	7
海立美达	hai li mei da	6
海纳	hai na	10
海联讯	hai lian xun	5
海能达	hai neng da	10
海药	hai yao	6
海螺型材	hai luo xing cai	8
海通集团	hai tong ji tuan	1
涨停板	zhang ting ban	18
涨跌幅	zhang die fu	46
淡仓	dan cang	7
深万科	shen wan ke	6
深值	shen zhi	3
深华发	shen hua fa	4
深华新	shen hua xin	3
深南光	shen nan guang	2
深原野	shen yuan ye	5
深发	shen fa	5
深国商	shen guo shang	1
深圳国际	shen zhen guo ji	3
深圳方大	shen zhen fang da	3
深圳智多盈	shen zhen zhi duo ying	5
深圳机场	shen zhen ji chang	3
深圳比克	shen zhen bi ke	4
深圳海王星辰	shen zhen hai wang xing chen	3
深圳能源	shen zhen neng yuan	22
深圳赛格股份有限公司	shen zhen sai ge gu fen you xian gong si	2
深圳迈瑞	shen zhen mai rui	1
深大通	shen da tong	19
深天地	shen tian di	2
深天马	shen tian ma	2
深安达	shen an da	5
深宝安	shen bao an	5
深宝恒	shen bao heng	1
深泰	shen tai	4
深深房	shen shen fang	16
深物业	shen wu ye	6
深特力	shen te li	3
深纺织	shen fang zhi	4
深能	shen neng	3
深证综指	shen zheng zong zhi	1
深赛格	shen sai ge	4
深赤湾	shen chi wan	3
深锦兴	shen jin xing	4
深高	shen gao	3
混业	hun ye	2
添益宝	tian yi bao	6
清华同方	qing hua tong fang	44
清华紫光	qing hua zi guang	25
清算协议	qing suan xie yi	4
渝三峡	yu san xia	1
渝太地产	yu tai di chan	9
渝钛白	yu tai bai	2
渣打集团	zha da ji tuan	44
渤化	bo hua	9
温商网	wen shang wang	3
温氏集团	wen shi ji tuan	8
港华燃气	gang hua ran qi	23
港股通	gang gu tong	42
湖北华新	hu bei hua xin	2
湖北宜化	hu bei yi hua	17
湖北迈亚	hu bei mai ya	3
湖南有色金属	hu nan you se jin shu	19
湖南海利	hu nan hai li	5
源发	yuan fa	7
溢缴款	yi jiao kuan	5
潍柴重机	wei chai zhong ji	2
潞安环能	lu an huan neng	4
潮宏基	chao hong ji	8
澳优	ao you	4
瀚宇博德	han yu bo de	9
炒汇者	chao hui zhe	4
炒高	chao gao	5
炬力	ju li	14
点位	dian wei	9
点后	dian hou	2
烟台氨纶股份有限公司	yan tai an lun gu fen you xian gong si	4
热钱	re qian	11
热门股	re men gu	7
烽火通信	feng huo tong xin	6
焦作万方	jiao zuo wan fang	3
焦点话题	jiao dian hua ti	12
焦点问题	jiao dian wen ti	31
煤炭股	mei tan gu	2
爱建	ai jian	8
物物交换	wu wu jiao huan	46
物贸	wu mao	14
物贸中心	wu mao zhong xin	4
特别措施	te bie cuo shi	3
特区经济	te qu jing ji	13
特变电工	te bian dian gong	42
特困户	te kun hu	5
特许权税	te xu quan shui	6
玉源	yu yuan	17
环康集团	huan kang ji tuan	7
环球企业家	huan qiu qi ye jia	8
环球财经	huan qiu cai jing	28
现代商业银行	xian dai shang ye yin hang	8
现手	xian shou	3
现金流量表	xian jin liu liang biao	29
珠江实业	zhu jiang shi ye	14
理文集团	li wen ji tuan	9
理财周报	li cai zhou bao	9
理财金	li cai jin	1
琼民源	qiong min yuan	3
瑞和	rui he	6
瑞士银行公司	rui shi yin hang gong si	14
瑞福进取	rui fu jin qu	2
瑞立集团	rui li ji tuan	3
瓦轴	wa zhou	1
甘化	gan hua	14
生意宝	sheng yi bao	7
用卡	yong ka	7
申报率	shen bao lv	1
申购款	shen gou kuan	8
申赎	shen shu	4
电力股	dian li gu	1
电子城	dian zi cheng	6
电广实业	dian guang shi ye	4
畅丰车桥	chang feng che qiao	2
白银铜城	bai yin tong cheng	1
白页	bai ye	21
百利电气	bai li dian qi	2
百圆裤业	bai yuan ku ye	3
百盛集团	bai sheng ji tuan	9
百花村	bai hua cun	25
皇朝家俬	huang chao jia si	3
皇朝家私	huang chao jia si	11
皖能	wan neng	4
益民红利	yi min hong li	2
益鑫泰	yi xin tai	2
盐湖集团	yan hu ji tuan	4
监管政策	jian guan zheng ce	36
盘后	pan hou	8
盘感	pan gan	1
盘活资产	pan huo zi chan	3
盛润	sheng run	7
目标公司	mu biao gong si	9
盲目性	mang mu xing	23
看涨者	kan zhang zhe	2
看盘	kan pan	7
看跌者	kan die zhe	2
知名银行	zhi ming yin hang	2
短仓	duan cang	23
短融券	duan rong quan	6
石劝业	shi quan ye	2
石化债	shi hua zhai	2
石炼	shi lian	2
石炼化	shi lian hua	4
研究简报	yan jiu jian bao	10
砸盘	za pan	7
硅宝科技	gui bao ke ji	5
碧生源	bi sheng yuan	7
礼品税	li pin shui	3
福建工商时报	fu jian gong shang shi bao	2
福彩	fu cai	41
福彩中心	fu cai zhong xin	7
福日	fu ri	8
福星晓程	fu xing xiao cheng	3
福特赛	fu te sai	2
禾嘉	he jia	9
科伦药业	ke lun yao ye	6
科华恒盛	ke hua heng sheng	7
科斯伍德	ke si wu de	5
科新机电	ke xin ji dian	1
科诺威德	ke nuo wei de	1
科达机电	ke da ji dian	4
租方	zu fang	2
租购	zu gou	32
积成电子	ji cheng dian zi	4
移仓	yi cang	5
税收完税证	shui shou wan shui zheng	2
税收缴款书	shui shou jiao kuan shu	3
税点	shui dian	8
空中网	kong zhong wang	38
空头头寸	kong tou tou cun	6
空头换手	kong tou huan shou	2
空开	kong kai	8
空换	kong huan	2
第一食品	di yi shi pin	2
筑信	zhu xin	7
筑底	zhu di	2
策略研究	ce lve yan jiu	2
签合同	qian he tong	39
管理学家	guan li xue jia	9
粤丽珠	yue li zhu	2
粤宏远	yue hong yuan	1
粤水电	yue shui dian	1
精伦	jing lun	7
精工钢构	jing gong gang gou	2
精工集团	jing gong ji tuan	3
精诚铜业	jing cheng tong ye	5
紫光华宇	zi guang hua yu	4
红利通知书	hong li tong zhi shu	3
红发集团	hong fa ji tuan	1
红太阳	hong tai yang	6
红宝丽	hong bao li	6
红阳能源	hong yang neng yuan	5
组合投资	zu he tou zi	2
组织图	zu zhi tu	6
组织机构代码证	zu zhi ji gou dai ma zheng	6
组选	zu xuan	11
经办员	jing ban yuan	7
经手费	jing shou fei	1
经济基本面	jing ji ji ben mian	6
经济学术	jing ji xue shu	3
经济导刊	jing ji dao kan	4
经济杂志	jing ji za zhi	3
经济统计	jing ji tong ji	2
经济观察网	jing ji guan cha wang	14
经理费	jing li fei	5
经纬纺机	jing wei fang ji	6
经贸大学	jing mao da xue	37
结算凭证	jie suan ping zheng	3
统计报告	tong ji bao gao	4
绩优股	ji you gu	10
绩差	ji cha	1
绩差公司	ji cha gong si	4
绩差股	ji cha gu	6
维科精华	wei ke jing hua	1
维达国际	wei da guo ji	7
综合税	zong he shui	6
绿景地产	lv jing di chan	4
缩量	suo liang	10
缴足	jiao zu	11
网下	wang xia	13
网付	wang fu	1
网商	wang shang	12
罗平锌电	luo ping xin dian	3
罗普斯金	luo pu si jin	5
罗莱家纺	luo lai jia fang	1
罚款率	fa kuan lv	2
美元区	mei yuan qu	2
美元危机	mei yuan wei ji	2
美利纸业	mei li zhi ye	7
美欣达	mei xin da	1
美罗药业	mei luo yao ye	2
美联银行	mei lian yin hang	20
美联集团	mei lian ji tuan	37
美股	mei gu	8
美菱股份	mei ling gu fen	10
美雅	mei ya	7
翻三番	fan san fan	8
翻两番	fan liang fan	18
老凤祥	lao feng xiang	19
考核指标	kao he zhi biao	15
联信永益	lian xin yong yi	2
联动机制	lian dong ji zhi	13
联华合纤	lian hua he xian	3
联华超市	lian hua chao shi	35
联次	lian ci	7
联油	lian you	4
联邦破产法	lian bang po chan fa	13
聚友	ju you	46
聚富	ju fu	13
股东大会决议	gu dong da hui jue yi	12
股分	gu fen	7
股城网	gu cheng wang	3
股市动态分析	gu shi dong tai fen xi	6
股市快讯	gu shi kuai xun	3
股权分置改革方案	gu quan fen zhi gai ge fang an	7
股歌	gu ge	4
股票市价	gu piao shi jia	5
股票机	gu piao ji	9
股票界	gu piao jie	2
背书人	bei shu ren	5
胜景山河	sheng jing shan he	3
腹空	fu kong	4
腾邦国际	teng bang guo ji	7
自买	zi mai	2
自仪	zi yi	5
自偿性	zi chang xing	13
自助银行	zi zhu yin hang	13
自然人股	zi ran ren gu	5
自留额	zi liu e	2
自选股	zi xuan gu	3
航天机电	hang tian ji dian	15
航天长峰	hang tian chang feng	1
航意险	hang yi xian	1
航民	hang min	2
良运	liang yun	24
艺术品投资	yi shu pin tou zi	7
艺龙	yi long	36
艾略特波浪理论	ai lve te bo lang li lun	7
艾迪西	ai di xi	4
芜湖港	wu hu gang	15
芝加哥商品交易所	zhi jia ge shang pin jiao yi suo	41
花雕	hua diao	41
苏三山	su san shan	2
苏威孚	su wei fu	3
苏宁环球	su ning huan qiu	16
苏宁环球股份有限公司	su ning huan qiu gu fen you xian gong si	5
苏州固锝	su zhou gu de	3
苏州恒久	su zhou heng jiu	3
苏常柴	su chang chai	1
苏常远东	su chang yuan dong	2
苏泊尔	su po er	48
苏物	su wu	4
苏物贸	su wu mao	2
苏福马	su fu ma	2
英化	ying hua	4
英唐智控	ying tang zhi kong	4
英威腾	ying wei teng	7
英特集团	ying te ji tuan	4
英飞拓	ying fei tuo	3
茉织华	mo zhi hua	4
荷兰万贝银行	he lan wan bei yin hang	2
莎拉李	sha la li	2
莫高股份	mo gao gu fen	7
莱英达	lai ying da	2
营业日	ying ye ri	6
营销部	ying xiao bu	24
葛州坝	ge zhou ba	2
蒙发利	meng fa li	6
蒙牛乳业	meng niu ru ye	40
虚拟卡	xu ni ka	2
虚涨	xu zhang	1
融信达	rong xin da	3
融资协议	rong zi xie yi	36
融资性	rong zi xing	11
融资款	rong zi kuan	2
融资租赁合同	rong zi zu lin he tong	4
融资网	rong zi wang	3
融资额	rong zi e	21
融通领先	rong tong ling xian	5
行权价	xing quan jia	3
衍生权证	yan sheng quan zheng	5
补仓	bu cang	22
补空	bu kong	5
表首	biao shou	2
裸币	luo bi	5
西北轴承股份有限公司	xi bei zhou cheng gu fen you xian gong si	4
西南合成	xi nan he cheng	4
西安旅游	xi an lv you	3
西昌电	xi chang dian	2
西王糖业	xi wang tang ye	3
西祠胡同	xi ci hu tong	8
西藏天路	xi zang tian lu	1
西藏旅游	xi zang lv you	29
西陇化工	xi long hua gong	4
观音币	guan yin bi	2
规划委	gui hua wei	32
解盘	jie pan	9
詹姆斯邦德	zhan mu si bang de	11
警示教育	jing shi jiao yu	20
计世网	ji shi wang	1
认同卡	ren tong ka	5
认沽期权	ren gu qi quan	4
认沽权证	ren gu quan zheng	11
认购协议	ren gou xie yi	16
认购权证	ren gou quan zheng	12
记账员	ji zhang yuan	12
许继电气	xu ji dian qi	2
证券周刊	zheng quan zhou kan	1
证券导刊	zheng quan dao kan	2
证券导报	zheng quan dao bao	1
证券市场周刊	zheng quan shi chang zhou kan	9
证券市场红周刊	zheng quan shi chang hong zhou kan	1
证券投资分析	zheng quan tou zi fen xi	3
证券日报	zheng quan ri bao	23
证券时报	zheng quan shi bao	37
证券溢价	zheng quan yi jia	3
证券网	zheng quan wang	5
证券资讯	zheng quan zi xun	10
评价中心	ping jia zhong xin	3
评价指标	ping jia zhi biao	44
评估办法	ping gu ban fa	14
评估师	ping gu shi	7
评估方案	ping gu fang an	14
评估费	ping gu fei	2
试点办法	shi dian ban fa	3
试盘	shi pan	4
试行标准	shi xing biao zhun	3
诚信网	cheng xin wang	7
诚聘英才	cheng pin ying cai	1
诱空	you kong	7
诺安	nuo an	9
诺安平衡	nuo an ping heng	2
谭木匠	tan mu jiang	6
豪盛	hao sheng	5
豫能	yu neng	4
负债率	fu zhai lv	43
财付通	cai fu tong	45
财会信报	cai kuai xin bao	1
财信通	cai xin tong	2
财务状况表	cai wu zhuang kuang biao	5
财华网	cai hua wang	5
财富时报	cai fu shi bao	3
财经周刊	cai jing zhou kan	29
财经时报	cai jing shi bao	48
财经论坛	cai jing lun tan	9
账户表	zhang hu biao	3
货币战争	huo bi zhan zheng	38
货币银行学	huo bi yin hang xue	49
质押品	zhi ya pin	2
质押物	zhi ya wu	2
购买区	gou mai qu	4
购买美国	gou mai mei guo	3
购房者	gou fang zhe	46
购汇	gou hui	9
购票员	gou piao yuan	4
贵州百灵	gui zhou bai ling	16
贵研铂业	gui yan bo ye	1
贵绳	gui sheng	5
贷款人	dai kuan ren	12
贷款协议	dai kuan xie yi	44
贷款难	dai kuan nan	4
贸易通	mao yi tong	2
资产公司	zi chan gong si	2
资产评估报告	zi chan ping gu bao gao	20
资产负债率	zi chan fu zhai lv	49
资信证明	zi xin zheng ming	1
资助金	zi zhu jin	44
资本利得税	zi ben li de shui	40
资本化率	zi ben hua lv	4
资本品	zi ben pin	19
资本密集型	zi ben mi ji xing	32
资本预算	zi ben yu suan	12
赌彩	du cai	30
赛格三星	sai ge san xing	2
赛格股份	sai ge gu fen	2
赛格达声	sai ge da sheng	1
赣锋锂业	gan feng li ye	10
超图软件	chao tu ruan jian	1
超声电子	chao sheng dian zi	5
超标者	chao biao zhe	2
超级大乐透	chao ji da le tou	3
超跌	chao die	1
超跌股	chao die gu	8
越秀投资	yue xiu tou zi	8
跌停板	die ting ban	9
跨国银行	kua guo yin hang	27
路演	lu yan	4
跳动点	tiao dong dian	2
跳空	tiao kong	13
转换价值	zhuan huan jia zhi	3
转换价格	zhuan huan jia ge	4
转换费	zhuan huan fei	6
转期	zhuan qi	6
转配股	zhuan pei gu	2
轮换制	lun huan zhi	18
软控股份	ruan kong gu fen	1
软通货	ruan tong huo	2
轻纺城	qing fang cheng	21
辅导期	fu dao qi	10
达创	da chuang	4
达力集团	da li ji tuan	6
达声	da sheng	5
达标者	da biao zhe	10
运盛	yun sheng	23
运营部	yun ying bu	7
运通公司	yun tong gong si	32
运通卡	yun tong ka	31
还本付息	huan ben fu xi	37
还款计划	huan kuan ji hua	15
远望谷	yuan wang gu	1
违约率	wei yue lv	21
迟付	chi fu	6
追加保证金	zhui jia bao zheng jin	6
追涨	zhui zhang	2
追索权	zhui suo quan	24
送股	song gu	6
送配	song pei	6
逃汇	tao hui	8
选股	xuan gu	44
通威股份	tong wei gu fen	6
通知期	tong zhi qi	42
通科	tong ke	5
通程控股	tong cheng kong gu	4
通达卡	tong da ka	22
通道制	tong dao zhi	4
通金	tong jin	4
速贷通	su dai tong	7
邀会	yao hui	3
邮币卡	you bi ka	9
郑州燃气	zheng zhou ran qi	4
鄂绒	e rong	4
酒鬼酒	jiu gui jiu	15
采掘业	cai jue ye	21
重仓	zhong cang	5
重仓股	zhong cang gu	2
重仪	zhong yi	4
重单	chong dan	4
重庆中药	chong qing zhong yao	1
重庆华亚	chong qing hua ya	1
重庆川仪	chong qing chuan yi	2
重庆机电	chong qing ji dian	29
重庆港九	chong qing gang jiu	1
重庆银行	chong qing yin hang	25
重新转向	chong xin zhuan xiang	2
重要公告	zhong yao gong gao	2
金业公司	jin ye gong si	3
金交所	jin jiao suo	1
金健米业	jin jian mi ye	9
金元宝	jin yuan bao	44
金利华电	jin li hua dian	4
金利来集团	jin li lai ji tuan	32
金利科技	jin li ke ji	2
金利通	jin li tong	3
金化	jin hua	7
金固股份	jin gu gu fen	3
金地集团	jin di ji tuan	9
金城股份	jin cheng gu fen	3
金宇车城	jin yu che cheng	6
金宇集团	jin yu ji tuan	1
金宝通	jin bao tong	10
金山工业	jin shan gong ye	8
金岭	jin ling	9
金帝	jin di	9
金普	jin pu	8
金普卡	jin pu ka	4
金智科技	jin zhi ke ji	2
金朝阳集团	jin chao yang ji tuan	39
金果	jin guo	9
金枫酒业	jin feng jiu ye	13
金榜集团	jin bang ji tuan	10
金海股份	jin hai gu fen	1
金源米业	jin yuan mi ye	21
金瑞矿业	jin rui kuang ye	3
金瑞科技	jin rui ke ji	2
金盘	jin pan	9
金种子	jin zhong zi	3
金穗卡	jin sui ka	6
金葵花	jin kui hua	3
金融世界	jin rong shi jie	5
金融办	jin rong ban	27
金融市	jin rong shi	5
金融投资报	jin rong tou zi bao	1
金融股	jin rong gu	22
金融许可证	jin rong xu ke zheng	12
金融部	jin rong bu	9
金路集团	jin lu ji tuan	4
金辉集团	jin hui ji tuan	7
金通灵	jin tong ling	6
金银币	jin yin bi	49
金隅股份	jin yu gu fen	2
金风科技	jin feng ke ji	32
金飞达	jin fei da	6
金马投票	jin ma tou piao	3
金马股份	jin ma gu fen	3
金马集团	jin ma ji tuan	8
金龙机电	jin long ji dian	2
鑫光	xin guang	1
鑫富药业	xin fu yao ye	1
鑫新	xin xin	4
针线街	zhen xian jie	24
钛金卡	tai jin ka	5
钢研高纳	gang yan gao na	5
钢镚儿	gang beng er	5
钱江摩托	qian jiang mo tuo	7
钱经	qian jing	7
钱袋网	qian dai wang	1
铜城	tong cheng	35
银之杰	yin zhi jie	1
银债	yin zhai	2
银华	yin hua	10
银基发展	yin ji fa zhan	3
银基集团	yin ji ji tuan	7
银广厦	yin guang sha	1
银广夏	yin guang xia	12
银建	yin jian	10
银承	yin cheng	1
银期	yin qi	6
银河银泰	yin he yin tai	3
银率网	yin lv wang	8
银行卡号	yin hang ka hao	6
银行学	yin hang xue	7
银行承兑汇票	yin hang cheng dui hui piao	14
银行管理	yin hang guan li	2
银行部	yin hang bu	10
银证通	yin zheng tong	4
销卡	xiao ka	3
销售代理协议	xiao shou dai li xie yi	1
销售合同	xiao shou he tong	44
销货清单	xiao huo qing dan	2
锁仓	suo cang	2
锌业	xin ye	11
锦化	jin hua	4
锦州港	jin zhou gang	15
锦州石化	jin zhou shi hua	2
锦江酒店	jin jiang jiu dian	11
锦港	jin gang	4
长城卡	chang cheng ka	5
长城特钢	chang cheng te gang	2
长城集团	chang cheng ji tuan	3
长控	chang kong	3
长电	chang dian	5
长百集团	chang bai ji tuan	3
长盛中证	chang sheng zhong zheng	3
长盛同德	chang sheng tong de	5
长盛同智	chang sheng tong zhi	2
长盛同瑞	chang sheng tong rui	2
长盛同禧	chang sheng tong xi	4
长盛基金	chang sheng ji jin	4
长盛环球	chang sheng huan qiu	4
长航凤凰	chang hang feng huang	3
长运	chang yun	11
闽信集团	min xin ji tuan	10
闽福发	min fu fa	1
阜丰集团	fu feng ji tuan	3
阳光城	yang guang cheng	2
阳谷华泰	yang gu hua tai	6
阿比银行	a bi yin hang	2
附单	fu dan	4
际华集团	ji hua ji tuan	25
陇达	long da	2
限售期	xian shou qi	3
限售股	xian shou gu	2
陕西金叶	shan xi jin ye	2
除净	chu jing	24
隆基机械	long ji ji xie	1
雄震	xiong zhen	5
雅天妮	ya tian ni	6
雅居乐地产	ya ju le di chan	12
雅虎财经	ya hu cai jing	18
集琦	ji qi	1
集资款	ji zi kuan	12
雪莱特	xue lai te	8
零七股份	ling qi gu fen	5
零息	ling xi	32
零手	ling shou	2
零首付	ling shou fu	2
雷柏科技	lei bai ke ji	5
雷鸣科化	lei ming ke hua	2
霸王条款	ba wang tiao kuan	32
青山纸业	qing shan zhi ye	1
青岛海信	qing dao hai xin	3
青岛海尔	qing dao hai er	25
青岛碱业	qing dao jian ye	1
青鸟华光	qing niao hua guang	4
青龙管业	qing long guan ye	2
非公经济	fei gong jing ji	14
非正常户	fei zheng chang hu	6
非现金	fei xian jin	48
非融资性	fei rong zi xing	6
项目融资	xiang mu rong zi	42
顺发恒业	shun fa heng ye	3
顺诚	shun cheng	4
领票	ling piao	41
领购簿	ling gou bu	7
领跌	ling die	1
颈线	jing xian	17
风控	feng kong	34
风神股份	feng shen gu fen	1
风险投资商	feng xian tou zi shang	10
风险提示	feng xian ti shi	11
风险提示函	feng xian ti shi han	3
风险系数	feng xian xi shu	14
飚升	biao sheng	32
飞力达	fei li da	6
飞行者	fei xing zhe	6
飞马国际	fei ma guo ji	1
饱和点	bao he dian	31
首付款	shou fu kuan	11
首创置业	shou chuang zhi ye	22
香梨	xiang li	15
验审	yan shen	7
验旧	yan jiu	8
骗线	pian xian	3
高价股	gao jia gu	3
高息揽存	gao xi lan cun	3
高新兴	gao xin xing	7
高新发展	gao xin fa zhan	3
高新张铜	gao xin zhang tong	3
高溢价	gao yi jia	6
高点	gao dian	10
高特利	gao te li	2
高金食品	gao jin shi pin	1
高银地产	gao yin di chan	24
魏桥纺织	wei qiao fang zhi	9
鲁商置业	lu shang zhi ye	2
鲁政委	lu zheng wei	3
鲁泰	lu tai	8
鲁泰纺织股份有限公司	lu tai fang zhi gu fen you xian gong si	4
鲁润	lu run	1
鲁石化	lu shi hua	3
鲁置业	lu zhi ye	2
鲁证	lu zheng	8
鲁银	lu yin	4
鹏博士	peng bo shi	12
鹰美	ying mei	3
麦考林	mai kao lin	7
麦达斯	mai da si	7
黄山金马股份有限公司	huang shan jin ma gu fen you xian gong si	2
黄金投资	huang jin tou zi	18
黄金网	huang jin wang	2
黄金集团	huang jin ji tuan	2
黑卡	hei ka	10
黑牡丹	hei mu dan	32
黑白菜	hei bai cai	3
黑龙股份	hei long gu fen	2
黔中天	qian zhong tian	1
黔凯涤	qian kai di	2
鼎天	ding tian	6
鼎泰新材	ding tai xin cai	3
鼎盛天工	ding sheng tian gong	9
齐星铁塔	qi xing tie ta	4
齐翔腾达	qi xiang teng da	2
齐鲁石化	qi lu shi hua	33
龙卡	long ka	10
龙双	long shuang	4
龙头股	long tou gu	6
龙建	long jian	7
龙星化工	long xing hua gong	4
龙涤股份	long di gu fen	2
龙源电力	long yuan dian li	11
