# 微明领域词库：成语，由 glimmer-dict-convert lexicon 从 THUOCL 拆出，基础词库里没有的部分。词	音节	词频
一不做二不休	yi bu zuo er bu xiu	24
一丘一壑	yi qiu yi he	7
一个半个	yi ge ban ge	7
一个萝卜一个坑	yi ge luo bo yi ge keng	28
一举成功	yi ju cheng gong	30
一人之下万人之上	yi ren zhi xia wan ren zhi shang	23
一人做事一人当	yi ren zuo shi yi ren dang	16
一人得道	yi ren de dao	13
一人得道鸡犬升天	yi ren de dao ji quan sheng tian	4
一介书生	yi jie shu sheng	25
一代不如一代	yi dai bu ru yi dai	33
一代楷模	yi dai kai mo	6
一传十十传百	yi chuan shi shi chuan bai	18
一元复始	yi yuan fu shi	8
一分一毫	yi fen yi hao	46
一分耕耘一分收获	yi fen geng yun yi fen shou huo	20
一则以喜	yi ze yi xi	7
一动不如一静	yi dong bu ru yi jing	5
一发而不可收拾	yi fa er bu ke shou shi	6
一口一声	yi kou yi sheng	6
一口吃个胖子	yi kou chi ge pang zi	8
一叶障目	yi ye zhang mu	31
一叶障目不见泰山	yi ye zhang mu bu jian tai shan	3
一命归西	yi ming gui xi	2
一唱三叹	yi chang san tan	17
一回生两回熟	yi hui sheng liang hui shu	11
一块石头落了地	yi kuai shi tou luo liao di	1
一块石头落地	yi kuai shi tou luo di	2
一天一地	yi tian yi di	6
一夫当关万夫莫开	yi fu dang guan wan fu mo kai	9
一字之师	yi zi zhi shi	8
一字千钧	yi zi qian jun	6
一官半职	yi guan ban zhi	34
一寸光阴一寸金	yi cun guang yin yi cun jin	23
一己之私	yi ji zhi si	45
一己之见	yi ji zhi jian	28
一年之计在于春	yi nian zhi ji zai yu chun	49
一往直前	yi wang zhi qian	23
一悲一喜	yi bei yi xi	2
一手一脚	yi shou yi jiao	17
一手包揽	yi shou bao lan	4
一抔黄土	yi pou huang tu	7
一报还一报	yi bao huan yi bao	25
一拥而入	yi yong er ru	12
一掷百万	yi zhi bai wan	1
一文钱难倒英雄汉	yi wen qian nan dao ying xiong han	5
一无可取	yi wu ke qu	5
一无所成	yi wu suo cheng	16
一无所长	yi wu suo chang	9
一日三省	yi ri san xing	1
一日之计在于晨	yi ri zhi ji zai yu chen	6
一日夫妻百日恩	yi ri fu qi bai ri en	19
一时三刻	yi shi san ke	6
一星半点	yi xing ban dian	46
一是一二是二	yi shi yi er shi er	1
一曝十寒	yi pu shi han	1
一望而知	yi wang er zhi	16
一朝天子一朝臣	yi zhao tian zi yi zhao chen	3
一朝权在手	yi zhao quan zai shou	1
一本万利	yi ben wan li	15
一条道走到黑	yi tiao dao zou dao hei	49
一来一往	yi lai yi wang	37
一枕黄粱	yi zhen huang liang	2
一波未平	yi bo wei ping	13
一波未平一波又起	yi bo wei ping yi bo you qi	41
一片丹心	yi pian dan xin	45
一片焦土	yi pian jiao tu	32
一物不知	yi wu bu zhi	3
一瓣心香	yi ban xin xiang	6
一男半女	yi nan ban nv	5
一画开天	yi hua kai tian	5
一着不慎	yi zhao bu shen	1
一着不慎满盘皆输	yi zhao bu shen man pan jie shu	6
一碧万顷	yi bi wan qing	4
一笑一颦	yi xiao yi pin	7
一笑了之	yi xiao liao zhi	29
一笔抹煞	yi bi mo sha	1
一箭之地	yi jian zhi di	7
一箭之遥	yi jian zhi yao	4
一花独放	yi hua du fang	1
一草一木	yi cao yi mu	26
一蟹不如一蟹	yi xie bu ru yi xie	5
一言中的	yi yan zhong di	6
一言兴邦	yi yan xing bang	2
一言既出	yi yan ji chu	26
一语不发	yi yu bu fa	15
一误再误	yi wu zai wu	5
一路货色	yi lu huo se	1
一路风尘	yi lu feng chen	11
一蹴可几	yi cu ke ji	4
一身二任	yi shen er ren	6
一身是胆	yi shen shi dan	9
一问三不知	yi wen san bu zhi	49
一隅之地	yi yu zhi di	5
一鼻子灰	yi bi zi hui	13
丁丁当当	ding ding dang dang	11
丁是丁卯是卯	ding shi ding mao shi mao	2
七尺之躯	qi chi zhi qu	3
七弯八拐	qi wan ba guai	8
七擒七纵	qi qin qi zong	49
七步成诗	qi bu cheng shi	12
七窍流血	qi qiao liu xue	29
七零八散	qi ling ba san	1
万万千千	wan wan qian qian	6
万事俱备只欠东风	wan shi ju bei zhi qian dong feng	15
万变不离其宗	wan bian bu li qi zong	27
万古长存	wan gu chang cun	7
万夫莫开	wan fu mo kai	20
万头攒动	wan tou cuan dong	2
万应灵丹	wan ying ling dan	6
万应灵药	wan ying ling yao	6
万目睽睽	wan mu kui kui	1
万语千言	wan yu qian yan	19
万贯家财	wan guan jia cai	16
万里迢迢	wan li tiao tiao	5
万里鹏程	wan li peng cheng	2
丈二和尚	zhang er he shang	3
丈二和尚摸不着头脑	zhang er he shang mo bu zhao tou nao	10
三三五五	san san wu wu	6
三个臭皮匠	san ge chou pi jiang	24
三人行必有我师	san ren xing bi you wo shi	24
三元及第	san yuan ji di	48
三十六行	san shi liu hang	22
三十年河东	san shi nian he dong	41
三千里江山	san qian li jiang shan	9
三句话不离本行	san ju hua bu li ben hang	1
三宫六院	san gong liu yuan	29
三寸不烂之舌	san cun bu lan zhi she	27
三寸之舌	san cun zhi she	4
三山五岳	san shan wu yue	29
三年五载	san nian wu zai	10
三心两意	san xin liang yi	22
三思后行	san si hou xing	11
三拳两脚	san quan liang jiao	4
三月不知肉味	san yue bu zhi rou wei	9
三朋四友	san peng si you	6
三朝元老	san chao yuan lao	40
三申五令	san shen wu ling	2
三男两女	san nan liang nv	30
三男四女	san nan si nv	14
三省吾身	san xing wu shen	36
三阳开泰	san yang kai tai	13
上下一心	shang xia yi xin	45
上下同心	shang xia tong xin	6
上下同欲	shang xia tong yu	4
上不着天	shang bu zhuo tian	4
上传下达	shang chuan xia da	7
上兵伐谋	shang bing fa mou	6
上天无路	shang tian wu lu	6
上情下达	shang qing xia da	3
上无片瓦	shang wu pian wa	7
上有天堂下有苏杭	shang you tian tang xia you su hang	16
上梁不正下梁歪	shang liang bu zheng xia liang wai	47
上知天文下知地理	shang zhi tian wen xia zhi di li	40
下回分解	xia hui fen jie	40
下情上达	xia qing shang da	3
下笔千言	xia bi qian yan	14
下笔如有神	xia bi ru you shen	17
下自成蹊	xia zi cheng xi	15
下逐客令	xia zhu ke ling	15
不世之功	bu shi zhi gong	6
不为五斗米折腰	bu wei wu dou mi zhe yao	21
不为瓦全	bu wei wa quan	22
不乏先例	bu fa xian li	1
不亢不卑	bu kang bu bei	8
不仁不义	bu ren bu yi	31
不以规矩	bu yi gui ju	2
不值一哂	bu zhi yi shen	3
不值一驳	bu zhi yi bo	11
不入虎穴	bu ru hu xue	13
不入虎穴焉得虎子	bu ru hu xue yan de hu zi	2
不关痛痒	bu guan tong yang	1
不分伯仲	bu fen bo zhong	40
不分彼此	bu fen bi ci	48
不分轩轾	bu fen xuan zhi	42
不到黄河心不死	bu dao huang he xin bu si	3
不厌其详	bu yan qi xiang	2
不古不今	bu gu bu jin	9
不可企及	bu ke qi ji	21
不可偏废	bu ke pian fei	23
不可捉摸	bu ke zhuo mo	35
不可言喻	bu ke yan yu	41
不可言状	bu ke yan zhuang	7
不可限量	bu ke xian liang	23
不吝赐教	bu lin ci jiao	22
不咸不淡	bu xian bu dan	30
不在其位	bu zai qi wei	16
不在其位不谋其政	bu zai qi wei bu mou qi zheng	2
不堪入耳	bu kan ru er	43
不失时机	bu shi shi ji	26
不如归去	bu ru gui qu	21
不安于室	bu an yu shi	9
不容置辩	bu rong zhi bian	2
不差上下	bu cha shang xia	6
不差毫厘	bu cha hao li	4
不干不净	bu gan bu jing	9
不平之鸣	bu ping zhi ming	11
不幸而言中	bu xing er yan zhong	7
不徇私情	bu xun si qing	14
不徐不疾	bu xu bu ji	6
不得其详	bu de qi xiang	3
不忍释卷	bu ren shi juan	2
不怕一万就怕万一	bu pa yi wan jiu pa wan yi	32
不情之请	bu qing zhi qing	8
不惜工本	bu xi gong ben	28
不改其乐	bu gai qi le	4
不教而诛	bu jiao er zhu	6
不敢越雷池一步	bu gan yue lei chi yi bu	8
不敢问津	bu gan wen jin	3
不服水土	bu fu shui tu	13
不欺暗室	bu qi an shi	4
不死不活	bu si bu huo	3
不求有功	bu qiu you gong	7
不求有功但求无过	bu qiu you gong dan qiu wu guo	1
不求闻达	bu qiu wen da	17
不测之忧	bu ce zhi you	6
不测风云	bu ce feng yun	3
不甘后人	bu gan hou ren	8
不留余地	bu liu yu di	14
不疾不徐	bu ji bu xu	17
不登大雅之堂	bu deng da ya zhi tang	9
不相为谋	bu xiang wei mou	38
不看僧面看佛面	bu kan seng mian kan fo mian	1
不矜细行	bu jin xi xing	2
不知下落	bu zhi xia luo	43
不知其可	bu zhi qi ke	1
不知其详	bu zhi qi xiang	3
不知凡几	bu zhi fan ji	15
不知怎的	bu zhi zen de	45
不知所以	bu zhi suo yi	40
不知所言	bu zhi suo yan	11
不知有汉	bu zhi you han	10
不知深浅	bu zhi shen qian	7
不知老之将至	bu zhi lao zhi jiang zhi	3
不知肉味	bu zhi rou wei	5
不知轻重	bu zhi qing zhong	19
不知进退	bu zhi jin tui	11
不破不立	bu po bu li	28
不立文字	bu li wen zi	25
不系之舟	bu xi zhi zhou	2
不肖子孙	bu xiao zi sun	11
不能登大雅之堂	bu neng deng da ya zhi tang	7
不能自主	bu neng zi zhu	38
不自由毋宁死	bu zi you wu ning si	18
不舍昼夜	bu she zhou ye	31
不虞之誉	bu yu zhi yu	5
不见兔子不撒鹰	bu jian tu zi bu sa ying	6
不见棺材不掉泪	bu jian guan cai bu diao lei	15
不见棺材不落泪	bu jian guan cai bu luo lei	18
不言不语	bu yan bu yu	32
不识大体	bu shi da ti	22
不识好歹	bu shi hao dai	16
不识庐山真面目	bu shi lu shan zhen mian mu	26
不谋其政	bu mou qi zheng	5
不贪为宝	bu tan wei bao	6
不越雷池	bu yue lei chi	2
不足为外人道	bu zu wei wai ren dao	4
不足为据	bu zu wei ju	7
不足为虑	bu zu wei lv	19
不足为道	bu zu wei dao	6
不辞劳苦	bu ci lao ku	40
不辨真伪	bu bian zhen wei	2
不进则退	bu jin ze tui	30
不远万里	bu yuan wan li	25
不违农时	bu wei nong shi	2
不避艰险	bu bi jian xian	12
不问青红皂白	bu wen qing hong zao bai	12
不露声色	bu lu sheng se	11
不露锋芒	bu lu feng mang	7
不顾大局	bu gu da ju	18
不顾死活	bu gu si huo	5
不预则废	bu yu ze fei	2
与人方便	yu ren fang bian	14
与人方便自己方便	yu ren fang bian zi ji fang bian	6
与时偕行	yu shi xie xing	2
与民更始	yu min geng shi	6
丑态毕露	chou tai bi lu	7
专门利人	zhuan men li ren	5
世代书香	shi dai shu xiang	21
世态人情	shi tai ren qing	9
世道人心	shi dao ren xin	24
业精于勤荒于嬉	ye jing yu qin huang yu xi	6
丛山峻岭	cong shan jun ling	7
东扯西拉	dong che xi la	1
东挪西凑	dong nuo xi cou	9
东摇西摆	dong yao xi bai	1
东方不亮西方亮	dong fang bu liang xi fang liang	6
东歪西倒	dong wai xi dao	14
东游西荡	dong you xi dang	2
东游西逛	dong you xi guang	2
东藏西躲	dong cang xi duo	6
东躲西藏	dong duo xi cang	36
东风压倒西风	dong feng ya dao xi feng	12
东风浩荡	dong feng hao dang	8
丝竹管弦	si zhu guan xian	4
丢盔卸甲	diu kui xie jia	5
两虎相争	liang hu xiang zheng	5
两面夹攻	liang mian jia gong	27
严于律已	yan yu lv yi	2
个中三昧	ge zhong san mei	5
个中滋味	ge zhong zi wei	30
中外合璧	zhong wai he bi	1
丰姿绰约	feng zi chuo yue	6
串亲访友	chuan qin fang you	2
临事而惧	lin shi er ju	1
临别赠言	lin bie zeng yan	21
临危授命	lin wei shou ming	27
临机处置	lin ji chu zhi	8
临深履薄	lin shen lv bo	2
临阵磨枪	lin zhen mo qiang	46
临阵退缩	lin zhen tui suo	33
丹书铁券	dan shu tie quan	31
丹心碧血	dan xin bi xue	1
丹青妙手	dan qing miao shou	1
为五斗米折腰	wei wu dou mi zhe yao	15
为善最乐	wei shan zui le	7
为渊驱鱼	wei yuan qu yu	1
为非作恶	wei fei zuo e	3
举世皆知	ju shi jie zhi	9
举国一致	ju guo yi zhi	23
举措失当	ju cuo shi dang	7
举止大方	ju zhi da fang	7
举止言谈	ju zhi yan tan	5
举步艰难	ju bu jian nan	3
举贤任能	ju xian ren neng	5
举重若轻	ju zhong ruo qing	31
久旱逢甘雨	jiu han feng gan yu	7
久经风霜	jiu jing feng shuang	4
久闻大名	jiu wen da ming	23
乐业安居	le ye an ju	6
乐以忘忧	le yi wang you	3
乐而不淫	le er bu yin	6
乔装改扮	qiao zhuang gai ban	10
乘兴而来	cheng xing er lai	4
乘兴而来败兴而归	cheng xing er lai bai xing er gui	3
乘其不备	cheng qi bu bei	25
乘机而入	cheng ji er ru	3
乘热打铁	cheng re da tie	2
乘隙而入	cheng xi er ru	6
九五之尊	jiu wu zhi zun	19
九天揽月	jiu tian lan yue	32
九死不悔	jiu si bu hui	1
九泉之下	jiu quan zhi xia	21
习焉不察	xi yan bu cha	3
习非成是	xi fei cheng shi	5
书声琅琅	shu sheng lang lang	5
书香人家	shu xiang ren jia	5
买卖公平	mai mai gong ping	7
乱世英雄	luan shi ying xiong	38
了然于胸	liao ran yu xiong	25
予取予夺	yu qu yu duo	2
予取予求	yu qu yu qiu	24
争前恐后	zheng qian kong hou	7
争妍斗艳	zheng yan dou yan	1
争强斗狠	zheng qiang dou hen	2
事不关己高高挂起	shi bu guan ji gao gao gua qi	10
事出无奈	shi chu wu nai	3
事后诸葛亮	shi hou zhu ge liang	36
事缓则圆	shi huan ze yuan	8
二人同心	er ren tong xin	7
二八年华	er ba nian hua	16
二者不可得兼	er zhe bu ke de jian	18
二者必居其一	er zhe bi ju qi yi	5
于今为烈	yu jin wei lie	7
于心何忍	yu xin he ren	39
云中白鹤	yun zhong bai he	2
云开雾散	yun kai wu san	19
云泥之别	yun ni zhi bie	5
云谲波诡	yun jue bo gui	2
互为表里	hu wei biao li	38
互相推诿	hu xiang tui wei	36
五劳七伤	wu lao qi shang	6
五味俱全	wu wei ju quan	21
五子登科	wu zi deng ke	37
五毒俱全	wu du ju quan	24
五谷不分	wu gu bu fen	9
五里雾中	wu li wu zhong	18
井井有序	jing jing you xu	4
亘古未有	gen gu wei you	7
亡国之音	wang guo zhi yin	11
亡国灭种	wang guo mie zhong	24
亢龙有悔	kang long you hui	17
交口称赞	jiao kou cheng zan	31
交口赞誉	jiao kou zan yu	1
交杯换盏	jiao bei huan zhan	2
亦可覆舟	yi ke fu zhou	8
亦复如是	yi fu ru shi	22
亲临其境	qin lin qi jing	4
亲仁善邻	qin ren shan lin	3
亲如手足	qin ru shou zu	9
亲痛仇快	qin tong chou kuai	4
亲者痛仇者快	qin zhe tong chou zhe kuai	5
人不为己天诛地灭	ren bu wei ji tian zhu di mie	33
人不犯我	ren bu fan wo	44
人不知鬼不觉	ren bu zhi gui bu jue	2
人世沧桑	ren shi cang sang	7
人为刀俎	ren wei dao zu	9
人为刀俎我为鱼肉	ren wei dao zu wo wei yu rou	8
人为财死	ren wei cai si	5
人之将死	ren zhi jiang si	10
人之将死其言也善	ren zhi jiang si qi yan ye shan	6
人事不省	ren shi bu xing	6
人事不知	ren shi bu zhi	5
人五人六	ren wu ren liu	11
人亡政息	ren wang zheng xi	20
人人得而诛之	ren ren de er zhu zhi	45
人人有份	ren ren you fen	41
人人皆知	ren ren jie zhi	49
人同此心	ren tong ci xin	4
人多口杂	ren duo kou za	8
人多手杂	ren duo shou za	5
人多眼杂	ren duo yan za	9
人弃我取	ren qi wo qu	6
人心不足蛇吞象	ren xin bu zu she tun xiang	28
人心叵测	ren xin po ce	46
人心大快	ren xin da kuai	3
人心惟危	ren xin wei wei	10
人心涣散	ren xin huan san	33
人心齐泰山移	ren xin qi tai shan yi	6
人怕出名猪怕壮	ren pa chu ming zhu pa zhuang	47
人情世态	ren qing shi tai	8
人情之常	ren qing zhi chang	1
人才难得	ren cai nan de	14
人无远虑	ren wu yuan lv	12
人无远虑必有近忧	ren wu yuan lv bi you jin you	19
人有旦夕祸福	ren you dan xi huo fu	8
人来客往	ren lai ke wang	6
人活一张脸	ren huo yi zhang lian	8
人生七十古来稀	ren sheng qi shi gu lai xi	5
人生自古谁无死	ren sheng zi gu shei wu si	9
人生路不熟	ren sheng lu bu shu	21
人穷志不短	ren qiong zhi bu duan	11
人穷志短	ren qiong zhi duan	39
人而无信	ren er wu xin	1
人财两失	ren cai liang shi	11
人逢喜事精神爽	ren feng xi shi jing shen shuang	1
人间天上	ren jian tian shang	11
人间重晚晴	ren jian zhong wan qing	3
人非圣贤	ren fei sheng xian	37
人非草木	ren fei cao mu	17
仁民爱物	ren min ai wu	15
仁者乐山	ren zhe le shan	18
仆仆风尘	pu pu feng chen	4
仇人相见	chou ren xiang jian	6
仇人相见分外眼红	chou ren xiang jian fen wai yan hong	6
仇深似海	chou shen si hai	13
今不如昔	jin bu ru xi	10
今夕何夕	jin xi he xi	33
从中渔利	cong zhong yu li	24
从善如登	cong shan ru deng	2
从容就义	cong rong jiu yi	32
从容应对	cong rong ying dui	19
从容自在	cong rong zi zai	3
从容自如	cong rong zi ru	2
从容自若	cong rong zi ruo	4
从宽发落	cong kuan fa luo	9
从心所欲	cong xin suo yu	37
从恶如崩	cong e ru beng	3
从谏如流	cong jian ru liu	6
仓皇出逃	cang huang chu tao	27
仓皇失措	cang huang shi cuo	12
他乡遇故知	ta xiang yu gu zhi	46
他山之石	ta shan zhi shi	23
付之流水	fu zhi liu shui	5
付诸一炬	fu zhu yi ju	41
付诸一笑	fu zhu yi xiao	1
仙山琼阁	xian shan qiong ge	2
代人受过	dai ren shou guo	9
令人咋舌	ling ren ze she	33
令人喷饭	ling ren pen fan	4
令人起敬	ling ren qi jing	2
令人齿冷	ling ren chi leng	2
令出如山	ling chu ru shan	6
令出必行	ling chu bi xing	3
以丰补歉	yi feng bu qian	1
以人为鉴	yi ren wei jian	1
以人为镜	yi ren wei jing	5
以其昏昏	yi qi hun hun	1
以其昏昏使人昭昭	yi qi hun hun shi ren zhao zhao	6
以勤补拙	yi qin bu zhuo	1
以古为鉴	yi gu wei jian	3
以古为镜	yi gu wei jing	6
以古喻今	yi gu yu jin	3
以天下为己任	yi tian xia wei ji ren	32
以夷制夷	yi yi zhi yi	34
以子之矛	yi zi zhi mao	6
以子之矛攻子之盾	yi zi zhi mao gong zi zhi dun	2
以守为攻	yi shou wei gong	9
以小人之心	yi xiao ren zhi xin	35
以己度人	yi ji duo ren	44
以德报德	yi de bao de	33
以心传心	yi xin chuan xin	20
以战养战	yi zhan yang zhan	31
以文会友	yi wen hui you	42
以点带面	yi dian dai mian	14
以直报怨	yi zhi bao yuan	26
以管窥豹	yi guan kui bao	1
以身报国	yi shen bao guo	12
以身试险	yi shen shi xian	10
仪态万千	yi tai wan qian	13
仰不愧天	yang bu kui tian	1
仰之弥高	yang zhi mi gao	12
仰面朝天	yang mian chao tian	8
任凭风浪起	ren ping feng lang qi	8
伉俪情深	kang li qing shen	14
众人拾柴火焰高	zhong ren shi chai huo yan gao	21
众口相传	zhong kou xiang chuan	2
优哉游哉	you zai you zai	20
优胜劣败	you sheng lie bai	14
传为笑谈	chuan wei xiao tan	9
传诵一时	chuan song yi shi	19
伯乐相马	bo le xiang ma	8
似笑非笑	si xiao fei xiao	22
但求无过	dan qiu wu guo	6
低吟浅唱	di yin qian chang	10
低声细语	di sheng xi yu	11
低头哈腰	di tou ha yao	5
何乐不为	he le bu wei	13
何其相似乃尔	he qi xiang si nai er	6
何患无辞	he huan wu ci	20
何足为奇	he zu wei qi	3
何足道哉	he zu dao zai	8
余味无穷	yu wei wu qiong	5
余波未平	yu bo wei ping	8
余波荡漾	yu bo dang yang	34
余音缭绕	yu yin liao rao	2
余音袅袅	yu yin niao niao	10
作如是观	zuo ru shi guan	21
你唱我和	ni chang wo he	2
你言我语	ni yan wo yu	6
佳偶天成	jia ou tian cheng	32
依样画葫芦	yi yang hua hu lu	21
依法炮制	yi fa pao zhi	2
依葫芦画瓢	yi hu lu hua piao	13
信口胡言	xin kou hu yan	3
信口胡诌	xin kou hu zhou	6
信笔涂鸦	xin bi tu ya	6
俭以养德	jian yi yang de	6
修心养性	xiu xin yang xing	28
修桥补路	xiu qiao bu lu	7
修齐治平	xiu qi zhi ping	11
俯仰之间	fu yang zhi jian	10
俯仰无愧	fu yang wu kui	7
俯首听命	fu shou ting ming	11
倏忽之间	shu hu zhi jian	4
倚强凌弱	yi qiang ling ruo	2
借古喻今	jie gu yu jin	9
借坡下驴	jie po xia lv	1
借贷无门	jie dai wu men	2
债多不愁	zhai duo bu chou	4
倾囊相助	qing nang xiang zhu	4
假戏成真	jia xi cheng zhen	3
假手于人	jia shou yu ren	12
偏信则暗	pian xin ze an	1
偏安一隅	pian an yi yu	12
做一天和尚撞一天钟	zuo yi tian he shang zhuang yi tian zhong	8
做小动作	zuo xiao dong zuo	14
偷鸡不着蚀把米	tou ji bu zhao shi ba mi	3
傲然屹立	ao ran yi li	2
傲然挺立	ao ran ting li	9
傲霜斗雪	ao shuang dou xue	1
儿女之情	er nv zhi qing	11
儿孙自有儿孙福	er sun zi you er sun fu	7
儿行千里母担忧	er xing qian li mu dan you	34
允执厥中	yun zhi jue zhong	19
兄友弟恭	xiong you di gong	19
兄弟阋于墙	xiong di xi yu qiang	5
先人后己	xian ren hou ji	8
先入之见	xian ru zhi jian	6
先公后私	xian gong hou si	4
先小人后君子	xian xiao ren hou jun zi	8
先忧后乐	xian you hou le	5
光复旧物	guang fu jiu wu	3
光焰万丈	guang yan wan zhang	2
光荣岁月	guang rong sui yue	16
光辉夺目	guang hui duo mu	4
光阴荏苒	guang yin ren ran	17
光阴虚度	guang yin xu du	6
光风霁月	guang feng ji yue	15
克己复礼	ke ji fu li	34
克己慎行	ke ji shen xing	6
免开尊口	mian kai zun kou	5
兔子不吃窝边草	tu zi bu chi wo bian cao	1
入地无门	ru di wu men	6
全国一盘棋	quan guo yi pan qi	12
全心全力	quan xin quan li	37
八九不离十	ba jiu bu li shi	13
八仙过海各显神通	ba xian guo hai ge xian shen tong	9
八府巡按	ba fu xun an	13
八方支持	ba fang zhi chi	7
八方支援	ba fang zhi yuan	14
公平正直	gong ping zheng zhi	11
公正廉明	gong zheng lian ming	26
公正廉洁	gong zheng lian jie	11
公说公有理	gong shuo gong you li	21
公诸同好	gong zhu tong hao	14
公道合理	gong dao he li	4
六根清净	liu gen qing jing	31
六畜兴旺	liu chu xing wang	16
关山阻隔	guan shan zu ge	1
关心民瘼	guan xin min mo	2
关怀备至	guan huai bei zhi	44
关门闭户	guan men bi hu	10
兴利除害	xing li chu hai	24
兴味索然	xing wei suo ran	6
兴国安邦	xing guo an bang	2
兴致索然	xing zhi suo ran	2
兴趣盎然	xing qu ang ran	15
兵多将广	bing duo jiang guang	8
兵无常势	bing wu chang shi	6
兵来将挡	bing lai jiang dang	32
兵来将挡水来土掩	bing lai jiang dang shui lai tu yan	33
兵连祸结	bing lian huo jie	20
兵马未动	bing ma wei dong	3
兵马未动粮草先行	bing ma wei dong liang cao xian xing	7
其不善者而改之	qi bu shan zhe er gai zhi	2
其奈我何	qi nai wo he	6
其实难副	qi shi nan fu	3
其言也善	qi yan ye shan	11
兹事体大	zi shi ti da	25
养儿防老	yang er fang lao	41
养兵千日	yang bing qian ri	8
养兵千日用兵一时	yang bing qian ri yong bing yi shi	7
养家活口	yang jia huo kou	26
养痈成患	yang yong cheng huan	8
养痈遗患	yang yong yi huan	9
养老送终	yang lao song zhong	28
养虎为患	yang hu wei huan	31
兼听则明	jian ting ze ming	15
兼善天下	jian shan tian xia	14
兼济天下	jian ji tian xia	10
内圣外王	nei sheng wai wang	39
再造之恩	zai zao zhi en	8
冒天下之大不韪	mao tian xia zhi da bu wei	11
军容风纪	jun rong feng ji	9
冤家对头	yuan jia dui tou	5
冤有头债有主	yuan you tou zhai you zhu	23
冯唐易老	feng tang yi lao	10
冰冻三尺	bing dong san chi	13
冰冻三尺非一日之寒	bing dong san chi fei yi ri zhi han	11
冰雪严寒	bing xue yan han	2
冲冠一怒为红颜	chong guan yi nu wei hong yan	7
冲口而出	chong kou er chu	26
决一胜负	jue yi sheng fu	48
决胜于千里之外	jue sheng yu qian li zhi wai	4
决胜千里	jue sheng qian li	16
冷水浇头	leng shui jiao tou	1
冷眼相待	leng yan xiang dai	22
凄风冷雨	qi feng leng yu	14
凌云之志	ling yun zhi zhi	2
凌云壮志	ling yun zhuang zhi	15
凤冠霞帔	feng guan xia pei	31
凤凰于飞	feng huang yu fei	26
凤凰来仪	feng huang lai yi	21
凭空臆造	ping kong yi zao	1
出乎意外	chu hu yi wai	41
出乎预料	chu hu yu liao	44
出于意外	chu yu yi wai	10
出于无奈	chu yu wu nai	39
出人意外	chu ren yi wai	31
出入人罪	chu ru ren zui	1
出头之日	chu tou zhi ri	13
出头的椽子先烂	chu tou de chuan zi xian lan	6
出师无名	chu shi wu ming	5
出师有名	chu shi you ming	4
出敌不意	chu di bu yi	21
出污泥而不染	chu wu ni er bu ran	27
出没无常	chu mo wu chang	7
击中要害	ji zhong yao hai	37
击楫中流	ji ji zhong liu	1
凿壁偷光	zao bi tou guang	20
刀光血影	dao guang xue ying	4
刀枪入库	dao qiang ru ku	8
刀枪剑戟	dao qiang jian ji	10
分内之事	fen nei zhi shi	17
分外妖娆	fen wai yao rao	9
分家析产	fen jia xi chan	8
分文不值	fen wen bu zhi	7
分文不取	fen wen bu qu	27
分文未取	fen wen wei qu	11
分毫不差	fen hao bu cha	32
分身无术	fen shen wu shu	8
切中时弊	qie zhong shi bi	36
切中要害	qie zhong yao hai	33
切磋琢磨	qie cuo zhuo mo	29
切齿痛恨	qie chi tong hen	14
创业维艰	chuang ye wei jian	4
创巨痛深	chuang ju tong shen	2
初生牛犊不怕虎	chu sheng niu du bu pa hu	23
初试锋芒	chu shi feng mang	2
判若云泥	pan ruo yun ni	3
判若霄壤	pan ruo xiao rang	1
刨根究底	pao gen jiu di	7
利害得失	li hai de shi	17
利害攸关	li hai you guan	7
利害相关	li hai xiang guan	14
利益均沾	li yi jun zhan	13
别出新意	bie chu xin yi	2
别无他物	bie wu ta wu	18
别有滋味	bie you zi wei	10
刺刀见红	ci dao jian hong	8
刻画入微	ke hua ru wei	6
刻骨仇恨	ke gu chou hen	9
削职为民	xue zhi wei min	39
前不着村后不着店	qian bu zhao cun hou bu zhao dian	26
前事不忘	qian shi bu wang	7
前事不忘后事之师	qian shi bu wang hou shi zhi shi	5
前人栽树	qian ren zai shu	7
前人栽树后人乘凉	qian ren zai shu hou ren cheng liang	8
前人种树后人乘凉	qian ren zhong shu hou ren cheng liang	1
前堵后追	qian du hou zhui	5
前怕狼后怕虎	qian pa lang hou pa hu	9
前无古人后无来者	qian wu gu ren hou wu lai zhe	37
前程万里	qian cheng wan li	19
前车可鉴	qian che ke jian	9
剑及履及	jian ji lv ji	4
剑胆琴心	jian dan qin xin	14
剥茧抽丝	bo jian chou si	2
劈风斩浪	pi feng zhan lang	6
力不能及	li bu neng ji	16
力不能支	li bu neng zhi	19
力所不及	li suo bu ji	16
力所不逮	li suo bu dai	1
力有未逮	li you wei dai	34
力透纸背	li tou zhi bei	10
功到自然成	gong dao zi ran cheng	1
功名富贵	gong ming fu gui	14
功臣自居	gong chen zi ju	5
动荡不定	dong dang bu ding	9
势单力孤	shi dan li gu	22
势如水火	shi ru shui huo	18
勃然变色	bo ran bian se	4
勇者不惧	yong zhe bu ju	10
勒索敲诈	le suo qiao zha	7
勤学好问	qin xue hao wen	19
勤能补拙	qin neng bu zhuo	43
勿以善小而不为	wu yi shan xiao er bu wei	28
勿以恶小而为之	wu yi e xiao er wei zhi	23
勿谓言之不预也	wu wei yan zhi bu yu ye	13
包办代替	bao ban dai ti	3
包藏祸心	bao cang huo xin	42
化腐朽为神奇	hua fu xiu wei shen qi	48
化零为整	hua ling wei zheng	9
北门锁钥	bei men suo yue	7
匠心独具	jiang xin du ju	17
匹夫无罪	pi fu wu zui	2
匹夫有责	pi fu you ze	44
区区小事	qu qu xiao shi	4
十二万分	shi er wan fen	17
十八般兵器	shi ba ban bing qi	32
十字街口	shi zi jie kou	11
十年树木	shi nian shu mu	25
十年树木百年树人	shi nian shu mu bai nian shu ren	6
十年生聚	shi nian sheng ju	7
十有八九	shi you ba jiu	28
十目所视	shi mu suo shi	1
十里洋场	shi li yang chang	37
千人一面	qian ren yi mian	12
千依百顺	qian yi bai shun	18
千古不朽	qian gu bu xiu	1
千古绝唱	qian gu jue chang	26
千古罪人	qian gu zui ren	44
千叮万嘱	qian ding wan zhu	12
千回百转	qian hui bai zhuan	35
千姿万态	qian zi wan tai	6
千峰万壑	qian feng wan he	1
千年万载	qian nian wan zai	1
千斤重担	qian jin zhong dan	2
千沟万壑	qian gou wan he	10
千秋万世	qian qiu wan shi	22
千里之堤	qian li zhi di	1
千里之堤毁于蚁穴	qian li zhi di hui yu yi xue	8
千里之堤溃于蚁穴	qian li zhi di kui yu yi xue	8
千里之行	qian li zhi xing	18
千里之行始于足下	qian li zhi xing shi yu zu xia	16
千里姻缘一线牵	qian li yin yuan yi xian qian	18
千里送鹅毛	qian li song e mao	18
千金一诺	qian jin yi nuo	4
千金不换	qian jin bu huan	3
千门万户	qian men wan hu	9
千难万苦	qian nan wan ku	1
千难万难	qian nan wan nan	4
半丝半缕	ban si ban lv	1
半壁河山	ban bi he shan	10
半懂不懂	ban dong bu dong	10
半文半白	ban wen ban bai	7
半斤对八两	ban jin dui ba liang	7
半新半旧	ban xin ban jiu	1
半生半熟	ban sheng ban shu	7
半真半假	ban zhen ban jia	45
半部论语治天下	ban bu lun yu zhi tian xia	3
半饥半饱	ban ji ban bao	3
协力同心	xie li tong xin	11
卑之无甚高论	bei zhi wu shen gao lun	1
卑鄙无耻	bei bi wu chi	25
卑鄙龌龊	bei bi wo chuo	4
卓然不群	zhuo ran bu qun	2
单丝不成线	dan si bu cheng xian	1
单刀赴会	dan dao fu hui	35
卖儿卖女	mai er mai nv	12
卖弄风骚	mai nong feng sao	9
卖文为生	mai wen wei sheng	15
南征北讨	nan zheng bei tao	42
南橘北枳	nan ju bei zhi	11
南船北马	nan chuan bei ma	9
南郭先生	nan guo xian sheng	14
博拉尔德	bo la er de	1
博采众议	bo cai zhong yi	6
博闻强识	bo wen qiang zhi	35
危急存亡	wei ji cun wang	26
危急存亡之秋	wei ji cun wang zhi qiu	19
即兴之作	ji xing zhi zuo	8
历久弥坚	li jiu mi jian	9
历历可数	li li ke shu	4
历历可见	li li ke jian	4
历尽沧桑	li jin cang sang	37
厉行节约	li xing jie yue	43
厚今薄古	hou jin bo gu	8
原封未动	yuan feng wei dong	7
去头去尾	qu tou qu wei	8
参差不一	cen ci bu yi	5
参差错落	cen ci cuo luo	9
又见一帘幽梦	you jian yi lian you meng	39
双管猎枪	shuang guan lie qiang	19
反哺之情	fan bu zhi qing	6
反复推敲	fan fu tui qiao	26
反躬自省	fan gong zi xing	11
反骄破满	fan jiao po man	6
取义成仁	qu yi cheng ren	5
取之不尽用之不竭	qu zhi bu jin yong zhi bu jie	7
取之不竭	qu zhi bu jie	8
取信于人	qu xin yu ren	17
取其精华去其糟粕	qu qi jing hua qu qi zao po	8
取精用宏	qu jing yong hong	5
受制于人	shou zhi yu ren	41
变动不居	bian dong bu ju	7
变化无穷	bian hua wu qiong	42
变幻无穷	bian huan wu qiong	14
口出不逊	kou chu bu xun	1
口含天宪	kou han tian xian	6
口惠而实不至	kou hui er shi bu zhi	9
古圣先贤	gu sheng xian xian	15
古木参天	gu mu can tian	27
古稀之年	gu xi zhi nian	28
另眼相待	ling yan xiang dai	17
另请高明	ling qing gao ming	25
另谋高就	ling mou gao jiu	25
叨陪末座	tao pei mo zuo	6
只欠东风	zhi qian dong feng	18
只此一家	zhi ci yi jia	24
只此一家别无分店	zhi ci yi jia bie wu fen dian	6
只知其一不知其二	zhi zhi qi yi bu zhi qi er	3
只见树木	zhi jian shu mu	2
只见树木不见森林	zhi jian shu mu bu jian sen lin	1
只许州官放火	zhi xu zhou guan fang huo	41
可乘之隙	ke cheng zhi xi	2
可望不可即	ke wang bu ke ji	19
史不绝书	shi bu jue shu	18
号啕大哭	hao tao da ku	26
司马昭之心路人皆知	si ma zhao zhi xin lu ren jie zhi	7
吃不了兜着走	chi bu liao dou zhe zou	29
吃穿用度	chi chuan yong du	15
吃软不吃硬	chi ruan bu chi ying	24
各不相让	ge bu xiang rang	27
各为其主	ge wei qi zhu	46
各人自扫门前雪	ge ren zi sao men qian xue	3
各取所长	ge qu suo chang	7
各执己见	ge zhi ji jian	20
各显其能	ge xian qi neng	4
各有所短	ge you suo duan	3
各色人等	ge se ren deng	31
各色各样	ge se ge yang	46
吉凶未卜	ji xiong wei bu	3
吉凶祸福	ji xiong huo fu	29
吉日良辰	ji ri liang chen	10
同声同气	tong sheng tong qi	23
同声相应	tong sheng xiang ying	10
同床共枕	tong chuang gong zhen	35
同心共济	tong xin gong ji	2
同心合力	tong xin he li	34
同心戮力	tong xin lu li	9
同日而语	tong ri er yu	19
同气相求	tong qi xiang qiu	6
同气连枝	tong qi lian zhi	11
名不正言不顺	ming bu zheng yan bu shun	19
名利兼收	ming li jian shou	4
名士风流	ming shi feng liu	8
名实相副	ming shi xiang fu	4
名山胜水	ming shan sheng shui	4
名师出高徒	ming shi chu gao tu	45
名缰利锁	ming jiang li suo	3
名重一时	ming zhong yi shi	36
名门闺秀	ming men gui xiu	16
名闻天下	ming wen tian xia	41
名震一时	ming zhen yi shi	26
后人乘凉	hou ren cheng liang	8
后天下之乐而乐	hou tian xia zhi le er le	28
后悔不及	hou hui bu ji	5
后来者居上	hou lai zhe ju shang	22
后浪推前浪	hou lang tui qian lang	27
后生小子	hou sheng xiao zi	7
吐气扬眉	tu qi yang mei	13
君子一言	jun zi yi yan	45
君子之交	jun zi zhi jiao	39
君子固穷	jun zi gu qiong	3
君臣佐使	jun chen zuo shi	8
含笑九泉	han xiao jiu quan	23
含苞欲放	han bao yu fang	16
含英咀华	han ying ju hua	8
听其言而观其行	ting qi yan er guan qi xing	1
吴下阿蒙	wu xia a meng	9
吴头楚尾	wu tou chu wei	24
吴带当风	wu dai dang feng	7
吹牛拍马	chui niu pai ma	1
吹皱一池春水	chui zhou yi chi chun shui	7
吹糠见米	chui kang jian mi	8
吹面不寒杨柳风	chui mian bu han yang liu feng	4
告贷无门	gao dai wu men	3
呢喃细语	ni nan xi yu	4
周公吐哺	zhou gong tu bu	6
味如嚼蜡	wei ru jiao la	9
呵欠连天	he qian lian tian	6
呼朋唤友	hu peng huan you	25
命丧黄泉	ming sang huang quan	22
和气致祥	he qi zhi xiang	2
和而不同	he er bu tong	39
和衣而卧	he yi er wo	3
咸与维新	xian yu wei xin	1
哀哀父母	ai ai fu mu	2
哀而不伤	ai er bu shang	17
哀莫大于心死	ai mo da yu xin si	36
哀鸿遍野	ai hong bian ye	15
哭天喊地	ku tian han di	39
唠唠叨叨	lao lao dao dao	40
唾面自干	tuo mian zi gan	6
啃硬骨头	ken ying gu tou	2
啧啧称赞	ze ze cheng zan	8
喃喃细语	nan nan xi yu	7
喊冤叫屈	han yuan jiao qu	2
喘息未定	chuan xi wei ding	3
喜不自胜	xi bu zi sheng	14
喜逐颜开	xi zhu yan kai	1
喟然长叹	kui ran chang tan	5
喷薄欲出	pen bo yu chu	1
嘉言懿行	jia yan yi xing	3
嘤其鸣矣	ying qi ming yi	1
器宇轩昂	qi yu xuan ang	14
嚣张一时	xiao zhang yi shi	2
囊中取物	nang zhong qu wu	6
囊萤映雪	nang ying ying xue	1
四体不勤	si ti bu qin	5
四体不勤五谷不分	si ti bu qin wu gu bu fen	9
四方八面	si fang ba mian	42
四时八节	si shi ba jie	5
四海之内皆兄弟	si hai zhi nei jie xiong di	22
四海升平	si hai sheng ping	10
四肢百骸	si zhi bai hai	3
四面出击	si mian chu ji	8
回天之力	hui tian zhi li	12
回天无力	hui tian wu li	14
因循苟且	yin xun gou qie	6
国仇家恨	guo chou jia hen	42
国家兴亡匹夫有责	guo jia xing wang pi fu you ze	7
国将不国	guo jiang bu guo	13
国无宁日	guo wu ning ri	2
国而忘家	guo er wang jia	1
国难当头	guo nan dang tou	29
图穷匕见	tu qiong bi xian	7
图穷匕首见	tu qiong bi shou xian	2
图财害命	tu cai hai ming	4
土洋结合	tu yang jie he	12
在此一举	zai ci yi ju	22
地利不如人和	di li bu ru ren he	4
地利人和	di li ren he	40
地动山摇	di dong shan yao	48
地覆天翻	di fu tian fan	1
坎坷不平	kan ke bu ping	27
坐拥书城	zuo yong shu cheng	3
坐收渔人之利	zuo shou yu ren zhi li	19
坐言起行	zuo yan qi xing	10
坚强不屈	jian qiang bu qu	31
坚苦卓绝	jian ku zhuo jue	14
坚贞不渝	jian zhen bu yu	14
坦然自若	tan ran zi ruo	6
垂手可得	chui shou ke de	17
埋头苦干	mai tou ku gan	35
城门失火	cheng men shi huo	5
城门失火殃及池鱼	cheng men shi huo yang ji chi yu	1
堂皇富丽	tang huang fu li	3
塞上江南	sai shang jiang nan	13
塞北江南	sai bei jiang nan	10
墙头马上	qiang tou ma shang	19
墙里开花墙外香	qiang li kai hua qiang wai xiang	6
壁垒分明	bi lei fen ming	44
壁立千仞	bi li qian ren	15
士为知己者死	shi wei zhi ji zhe si	9
士别三日	shi bie san ri	7
士可杀不可辱	shi ke sha bu ke ru	24
壮士断腕	zhuang shi duan wan	13
壮心不已	zhuang xin bu yi	27
壮志豪情	zhuang zhi hao qing	16
声如洪钟	sheng ru hong zhong	15
声气相通	sheng qi xiang tong	10
声誉鹊起	sheng yu que qi	20
备而不用	bei er bu yong	15
夏日炎炎	xia ri yan yan	31
夏虫不可语冰	xia chong bu ke yu bing	47
外刚内柔	wai gang nei rou	45
外圆内方	wai yuan nei fang	23
外方内圆	wai fang nei yuan	25
夙夜匪懈	su ye fei xie	16
夙夜在公	su ye zai gong	7
多一事不如少一事	duo yi shi bu ru shao yi shi	47
多行不义必自毙	duo xing bu yi bi zi bi	37
多言多语	duo yan duo yu	6
多费口舌	duo fei kou she	18
夜不成寐	ye bu cheng mei	3
夜阑人静	ye lan ren jing	11
大事化小小事化了	da shi hua xiao xiao shi hua liao	12
大人先生	da ren xian sheng	5
大仁大义	da ren da yi	4
大动肝火	da dong gan huo	13
大厦将倾	da sha jiang qing	14
大发议论	da fa yi lun	5
大呼小叫	da hu xiao jiao	49
大喝一声	da he yi sheng	26
大嚷大叫	da rang da jiao	6
大地回春	da di hui chun	41
大地春回	da di chun hui	4
大处着眼	da chu zhuo yan	3
大头小尾	da tou xiao wei	7
大家风范	da jia feng fan	26
大将风度	da jiang feng du	20
大展宏图	da zhan hong tu	49
大巧若拙	da qiao ruo zhuo	9
大度包容	da du bao rong	2
大开大合	da kai da he	30
大张声势	da zhang sheng shi	4
大张挞伐	da zhang ta fa	4
大得人心	da de ren xin	2
大放光明	da fang guang ming	17
大放悲声	da fang bei sheng	1
大智大勇	da zhi da yong	10
大有其人	da you qi ren	1
大有可观	da you ke guan	5
大有所为	da you suo wei	4
大有起色	da you qi se	10
大树底下好乘凉	da shu di xia hao cheng liang	7
大水冲了龙王庙	da shui chong le long wang miao	14
大笔一挥	da bi yi hui	13
大红大绿	da hong da lv	32
大肆挥霍	da si hui huo	13
大肆铺张	da si pu zhang	5
大费周折	da fei zhou zhe	13
大门不出二门不迈	da men bu chu er men bu mai	38
大雨如注	da yu ru zhu	12
大音希声	da yin xi sheng	8
大题小做	da ti xiao zuo	9
天下兴亡	tian xia xing wang	29
天下兴亡匹夫有责	tian xia xing wang pi fu you ze	5
天下归心	tian xia gui xin	22
天下无难事	tian xia wu nan shi	11
天下本无事	tian xia ben wu shi	7
天不作美	tian bu zuo mei	1
天不假年	tian bu jia nian	10
天人之际	tian ren zhi ji	35
天地不容	tian di bu rong	28
天外飞来	tian wai fei lai	19
天摇地动	tian yao di dong	33
天无绝人之路	tian wu jue ren zhi lu	28
天时不如地利	tian shi bu ru di li	4
天有不测风云	tian you bu ce feng yun	49
天朗气清	tian lang qi qing	41
天涯咫尺	tian ya zhi chi	27
天清气朗	tian qing qi lang	4
天王老子	tian wang lao zi	25
天理人情	tian li ren qing	2
天理昭昭	tian li zhao zhao	2
天理良心	tian li liang xin	2
天知地知	tian zhi di zhi	30
天知地知你知我知	tian zhi di zhi ni zhi wo zhi	23
天网恢恢疏而不漏	tian wang hui hui shu er bu lou	6
天若有情天亦老	tian ruo you qing tian yi lao	45
天随人愿	tian sui ren yuan	5
天高皇帝远	tian gao huang di yuan	32
太岁头上动土	tai sui tou shang dong tu	5
太平无事	tai ping wu shi	24
夫妻反目	fu qi fan mu	4
夫子自道	fu zi zi dao	9
夫贵妻荣	fu gui qi rong	2
失之东隅	shi zhi dong yu	17
失之东隅收之桑榆	shi zhi dong yu shou zhi sang yu	7
失之毫厘	shi zhi hao li	6
失败为成功之母	shi bai wei cheng gong zhi mu	4
失败是成功之母	shi bai shi cheng gong zhi mu	29
头悬梁锥刺股	tou xuan liang zhui ci gu	18
头昏目眩	tou hun mu xuan	4
头晕眼花	tou yun yan hua	17
头痛医头	tou tong yi tou	8
头痛医头脚痛医脚	tou tong yi tou jiao tong yi jiao	1
头痛脑热	tou tong nao re	2
头角峥嵘	tou jiao zheng rong	9
夸父追日	kua fu zhui ri	18
夸父逐日	kua fu zhu ri	6
夹枪带棒	jia qiang dai bang	4
夹道欢呼	jia dao huan hu	14
奇技淫巧	qi ji yin qiao	10
奇花异卉	qi hua yi hui	10
奇风异俗	qi feng yi su	9
奉为圭臬	feng wei gui nie	41
奉为楷模	feng wei kai mo	2
奉为至宝	feng wei zhi bao	2
奔波劳碌	ben bo lao lu	42
奔流不息	ben liu bu xi	14
奔腾澎湃	ben teng peng pai	6
奖罚分明	jiang fa fen ming	3
女大当嫁	nv da dang jia	17
女流之辈	nv liu zhi bei	21
奸淫掳掠	jian yin lu lve	38
好事不出门	hao shi bu chu men	36
好事之徒	hao shi zhi tu	14
好人难做	hao ren nan zuo	43
好善乐施	hao shan le shi	4
好学深思	hao xue shen si	9
好整以暇	hao zheng yi xia	9
好汉不吃眼前亏	hao han bu chi yan qian kui	13
好生之德	hao sheng zhi de	26
好色之徒	hao se zhi tu	44
好言好语	hao yan hao yu	17
好骑者堕	hao qi zhe duo	6
如临深渊如履薄冰	ru lin shen yuan ru lv bo bing	6
如之奈何	ru zhi nai he	5
如切如磋	ru qie ru cuo	2
如坐春风	ru zuo chun feng	7
如梦方醒	ru meng fang xing	3
如椽之笔	ru chuan zhi bi	6
如烹小鲜	ru peng xiao xian	2
如痴如狂	ru chi ru kuang	9
如簧之舌	ru huang zhi she	2
如芒刺背	ru mang ci bei	5
如见其人	ru jian qi ren	8
如诉如泣	ru su ru qi	2
如闻其声	ru wen qi sheng	4
如鲠在喉	ru geng zai hou	32
妇人之仁	fu ren zhi ren	20
妙手偶得	miao shou ou de	2
妙语如珠	miao yu ru zhu	11
妙语连珠	miao yu lian zhu	47
始于足下	shi yu zu xia	18
始终不懈	shi zhong bu xie	2
姑妄听之	gu wang ting zhi	5
姓甚名谁	xing shen ming shui	24
姜太公钓鱼	jiang tai gong diao yu	37
姜是老的辣	jiang shi lao de la	1
姿态万千	zi tai wan qian	7
威武不能屈	wei wu bu neng qu	24
威震天下	wei zhen tian xia	31
威风八面	wei feng ba mian	27
娓娓而谈	wei wei er tan	1
婆娑起舞	po suo qi wu	6
媒妁之言	mei shuo zhi yan	35
嫁狗随狗	jia gou sui gou	4
嫁祸于人	jia huo yu ren	7
嫁鸡随鸡嫁狗随狗	jia ji sui ji jia gou sui gou	6
嫌贫爱富	xian pin ai fu	40
嬉笑怒骂皆成文章	xi xiao nu ma jie cheng wen zhang	2
子为父隐	zi wei fu yin	6
子曰诗云	zi yue shi yun	6
存乎一心	cun hu yi xin	4
存亡绝续	cun wang jue xu	6
存亡续绝	cun wang xu jue	1
存心不良	cun xin bu liang	9
存而不论	cun er bu lun	14
孜孜矻矻	zi zi ku ku	9
孝悌忠信	xiao ti zhong xin	12
孟母三迁	meng mu san qian	21
孟母择邻	meng mu ze lin	2
孤儿寡妇	gu er gua fu	31
孤立无助	gu li wu zhu	9
学然后知不足	xue ran hou zhi bu zu	6
学而优则仕	xue er you ze shi	13
学而时习之	xue er shi xi zhi	12
学非所用	xue fei suo yong	6
孰不可忍	shu bu ke ren	15
孰能无过	shu neng wu guo	24
宁为玉碎	ning wei yu sui	25
宁为玉碎不为瓦全	ning wei yu sui bu wei wa quan	7
宁折不弯	ning zhe bu wan	10
它山之石可以攻玉	ta shan zhi shi ke yi gong yu	2
守土有责	shou tu you ze	21
安不忘危	an bu wang wei	7
安内攘外	an nei rang wai	34
安危与共	an wei yu gong	3
安家乐业	an jia le ye	4
安家立业	an jia li ye	8
安家落户	an jia luo hu	48
安然无事	an ran wu shi	31
安邦定国	an bang ding guo	9
安邦治国	an bang zhi guo	7
宏图大志	hong tu da zhi	8
宏图大略	hong tu da lve	1
官官相卫	guan guan xiang wei	2
定于一尊	ding yu yi zun	40
定国安邦	ding guo an bang	5
宛转悠扬	wan zhuan you yang	1
宜室宜家	yi shi yi jia	17
宝刀不老	bao dao bu lao	24
宝马香车	bao ma xiang che	4
宠辱皆忘	chong ru jie wang	4
客死他乡	ke si ta xiang	47
客随主便	ke sui zhu bian	12
宦海浮沉	huan hai fu chen	8
家书抵万金	jia shu di wan jin	3
家人父子	jia ren fu zi	5
家学渊源	jia xue yuan yuan	47
家贫如洗	jia pin ru xi	8
家贼难防	jia zei nan fang	10
宽宏大度	kuan hong da du	6
宾客如云	bin ke ru yun	6
宾客盈门	bin ke ying men	7
宾朋满座	bin peng man zuo	3
寂寂无闻	ji ji wu wen	12
寂然无声	ji ran wu sheng	3
密不通风	mi bu tong feng	6
密锣紧鼓	mi luo jin gu	18
富商巨贾	fu shang ju gu	21
富国强民	fu guo qiang min	8
富而好礼	fu er hao li	7
富贵不淫	fu gui bu yin	2
富贵不能淫	fu gui bu neng yin	8
富贵吉祥	fu gui ji xiang	27
富贵在天	fu gui zai tian	28
寓情于景	yu qing yu jing	6
寓意深远	yu yi shen yuan	15
寓意深长	yu yi shen chang	7
寝不安席	qin bu an xi	5
寸土不让	cun tu bu rang	12
寸有所长	cun you suo chang	5
寸步难移	cun bu nan yi	7
寸草春晖	cun cao chun hui	7
对天发誓	dui tian fa shi	40
对症之药	dui zheng zhi yao	1
对症用药	dui zheng yong yao	8
寻幽探胜	xun you tan sheng	2
寻根问底	xun gen wen di	7
寻踪觅迹	xun zong mi ji	1
寿山福海	shou shan fu hai	13
射人先射马	she ren xian she ma	3
将功折罪	jiang gong zhe zui	7
将本求利	jiang ben qiu li	1
将欲取之	jiang yu qu zhi	2
将熊熊一窝	jiang xiong xiong yi wo	6
将门虎子	jiang men hu zi	7
小国寡民	xiao guo gua min	17
小惩大诫	xiao cheng da jie	3
小时了了	xiao shi liao liao	6
小脚女人	xiao jiao nv ren	7
少不经事	shao bu jing shi	8
少年夫妻老来伴	shao nian fu qi lao lai ban	4
尔俸尔禄	er feng er lu	4
尺寸之功	chi cun zhi gong	8
尺有所短	chi you suo duan	6
尽信书不如无书	jin xin shu bu ru wu shu	6
尽释前嫌	jin shi qian xian	37
局促不安	ju cu bu an	15
居功厥伟	ju gong jue wei	37
居功自傲	ju gong zi ao	37
居大不易	ju da bu yi	3
居无求安	ju wu qiu an	5
屏声静气	bing sheng jing qi	2
屏气凝神	bing qi ning shen	6
履险如夷	lv xian ru yi	6
山乡巨变	shan xiang ju bian	5
山崩地裂	shan beng di lie	38
山摇地动	shan yao di dong	2
山明水秀	shan ming shui xiu	43
山水相连	shan shui xiang lian	18
山重水复	shan chong shui fu	18
山雨欲来风满楼	shan yu yu lai feng man lou	23
山高水远	shan gao shui yuan	26
山高皇帝远	shan gao huang di yuan	20
山鸣谷应	shan ming gu ying	4
岁寒三友	sui han san you	45
岁寒知松柏	sui han zhi song bai	6
岁月不居	sui yue bu ju	5
岁月峥嵘	sui yue zheng rong	2
岁月蹉跎	sui yue cuo tuo	47
峨冠博带	e guan bo dai	4
崛地而起	jue di er qi	1
巍然屹立	wei ran yi li	6
州官放火	zhou guan fang huo	8
工欲善其事	gong yu shan qi shi	33
左右两难	zuo you liang nan	4
左邻右里	zuo lin you li	42
巧妇难为无米之炊	qiao fu nan wei wu mi zhi chui	35
巨细无遗	ju xi wu yi	35
巫山云雨	wu shan yun yu	16
差之毫厘	cha zhi hao li	15
差之毫厘谬以千里	cha zhi hao li miu yi qian li	1
巴山夜雨	ba shan ye yu	37
市井无赖	shi jing wu lai	12
师出有名	shi chu you ming	14
常胜将军	chang sheng jiang jun	38
幕天席地	mu tian xi di	2
干净利索	gan jing li suo	5
干卿何事	gan qing he shi	1
干打雷不下雨	gan da lei bu xia yu	8
干脆利索	gan cui li suo	4
平地一声雷	ping di yi sheng lei	13
平时不烧香	ping shi bu shao xiang	6
平等互惠	ping deng hu hui	46
年深月久	nian shen yue jiu	4
年老色衰	nian lao se shuai	28
年近古稀	nian jin gu xi	16
年近花甲	nian jin hua jia	10
年逾不惑	nian yu bu huo	2
年逾古稀	nian yu gu xi	21
年逾花甲	nian yu hua jia	9
广征博引	guang zheng bo yin	6
广袤无垠	guang mao wu yin	9
庄周梦蝶	zhuang zhou meng die	49
庆父不死	qing fu bu si	4
庐山真面	lu shan zhen mian	7
应付自如	ying fu zi ru	14
应对如流	ying dui ru liu	2
应答如流	ying da ru liu	4
庖丁解牛	pao ding jie niu	20
废话连篇	fei hua lian pian	32
庸庸碌碌	yong yong lu lu	27
开卷有益	kai juan you yi	36
开合自如	kai he zi ru	6
开国元老	kai guo yuan lao	23
开弓没有回头箭	kai gong mei you hui tou jian	12
开怀畅饮	kai huai chang yin	31
开物成务	kai wu cheng wu	25
开疆辟土	kai jiang pi tu	21
开花结实	kai hua jie shi	13
开门七件事	kai men qi jian shi	27
开阔眼界	kai kuo yan jie	27
异香扑鼻	yi xiang pu bi	2
弃如敝屣	qi ru bi xi	3
弃恶从善	qi e cong shan	23
弃笔从戎	qi bi cong rong	19
弃若敝屣	qi ruo bi xi	3
弄巧反拙	nong qiao fan zhuo	20
弊绝风清	bi jue feng qing	1
引以为憾	yin yi wei han	6
引以为耻	yin yi wei chi	24
引车卖浆	yin che mai jiang	2
弥天大祸	mi tian da huo	5
弦外之意	xian wai zhi yi	3
弹尽援绝	dan jin yuan jue	48
弹指之间	tan zhi zhi jian	12
强中更有强中手	qiang zhong geng you qiang zhong shou	7
强中自有强中手	qiang zhong zi you qiang zhong shou	20
强国富民	qiang guo fu min	8
强奸民意	qiang jian min yi	2
强将手下无弱兵	qiang jiang shou xia wu ruo bing	6
强龙不压地头蛇	qiang long bu ya di tou she	5
归根结蒂	gui gen jie di	1
当一天和尚撞一天钟	dang yi tian he shang zhuang yi tian zhong	7
当众出丑	dang zhong chu chou	11
当断不断	dang duan bu duan	48
当替罪羊	dang ti zui yang	8
当耳旁风	dang er pang feng	13
当耳边风	dang er bian feng	19
当面锣对面鼓	dang mian luo dui mian gu	7
形只影单	xing zhi ying dan	2
形容憔悴	xing rong qiao cui	5
形格势禁	xing ge shi jin	6
形销骨立	xing xiao gu li	14
彻底澄清	che di cheng qing	7
待字闺中	dai zi gui zhong	29
徇情枉法	xun qing wang fa	3
徒劳无益	tu lao wu yi	29
徒有其名	tu you qi ming	19
得失成败	de shi cheng bai	7
得意之笔	de yi zhi bi	3
得意之色	de yi zhi se	1
得道多助	de dao duo zhu	5
徘徊不前	pai huai bu qian	24
徘徊观望	pai huai guan wang	7
心中无数	xin zhong wu shu	2
心如死灰	xin ru si hui	12
心心相通	xin xin xiang tong	6
心怀忐忑	xin huai tan te	1
心急如火	xin ji ru huo	1
心惊胆寒	xin jing dan han	6
心旌摇曳	xin jing yao ye	1
心无挂碍	xin wu gua ai	1
心有余而力不足	xin you yu er li bu zu	21
心浮气躁	xin fu qi zao	45
心焦如焚	xin jiao ru fen	5
心病还须心药医	xin bing huan xu xin yao yi	9
心神不定	xin shen bu ding	21
心神恍惚	xin shen huang hu	13
心细如发	xin xi ru fa	12
心腹大患	xin fu da huan	48
心醉神迷	xin zui shen mi	29
必先利其器	bi xian li qi qi	35
必有一失	bi you yi shi	26
必有勇夫	bi you yong fu	2
必有我师	bi you wo shi	3
必有近忧	bi you jin you	11
忍辱偷生	ren ru tou sheng	8
志在千里	zhi zai qian li	47
忘战必危	wang zhan bi wei	3
忙中出错	mang zhong chu cuo	11
忠孝两全	zhong xiao liang quan	12
忠肝义胆	zhong gan yi dan	38
忧谗畏讥	you chan wei ji	4
念兹在兹	nian zi zai zi	12
念念不舍	nian nian bu she	6
忸怩作态	niu ni zuo tai	3
怀忧丧志	huai you sang zhi	6
怀璧其罪	huai bi qi zui	8
怒气冲天	nu qi chong tian	10
怒火冲天	nu huo chong tian	6
怒火攻心	nu huo gong xin	39
怡情养性	yi qing yang xing	3
怡然自乐	yi ran zi le	12
急不及待	ji bu ji dai	25
急人之困	ji ren zhi kun	6
急急如律令	ji ji ru lv ling	27
急赤白脸	ji chi bai lian	4
性命交关	xing ming jiao guan	3
怨天怨地	yuan tian yuan di	12
怨气冲天	yuan qi chong tian	6
恍如梦境	huang ru meng jing	6
恍若隔世	huang ruo ge shi	21
恒河沙数	heng he sha shu	13
恩威并重	en wei bing zhong	10
恩怨分明	en yuan fen ming	15
恭敬不如从命	gong jing bu ru cong ming	41
恭贺新禧	gong he xin xi	38
恶语中伤	e yu zhong shang	14
恶语伤人	e yu shang ren	23
恶语相加	e yu xiang jia	38
悄然无声	qiao ran wu sheng	9
悔之不及	hui zhi bu ji	2
悔之晚矣	hui zhi wan yi	12
悔之莫及	hui zhi mo ji	2
悔恨交加	hui hen jiao jia	12
悔罪自新	hui zui zi xin	5
悠游自在	you you zi zai	8
患难之交	huan nan zhi jiao	18
患难夫妻	huan nan fu qi	15
患难相恤	huan nan xiang xu	2
悬梁刺股	xuan liang ci gu	19
悲喜交集	bei xi jiao ji	28
悲观厌世	bei guan yan shi	15
情意绵绵	qing yi mian mian	48
情深义重	qing shen yi zhong	34
惊喜交加	jing xi jiao jia	1
惊喜交集	jing xi jiao ji	3
惊喜若狂	jing xi ruo kuang	6
惊慌失色	jing huang shi se	4
惊才绝艳	jing cai jue yan	10
惊疑不定	jing yi bu ding	3
惊诧莫名	jing cha mo ming	8
惊魂不定	jing hun bu ding	1
惟利是图	wei li shi tu	8
惟命是从	wei ming shi cong	10
惟精惟一	wei jing wei yi	19
惠而不费	hui er bu fei	7
惠风和畅	hui feng he chang	20
惶惶不可终日	huang huang bu ke zhong ri	31
惶惶不安	huang huang bu an	19
惹人注目	re ren zhu mu	35
愁云惨淡	chou yun can dan	6
愁眉不展	chou mei bu zhan	14
愁眉紧锁	chou mei jin suo	8
愁肠百结	chou chang bai jie	4
意义深长	yi yi shen chang	8
意在沛公	yi zai pei gong	8
愧不敢当	kui bu gan dang	41
慌不择路	huang bu ze lu	23
慌作一团	huang zuo yi tuan	2
慌张失措	huang zhang shi cuo	7
慎始敬终	shen shi jing zhong	6
慎终如始	shen zhong ru shi	4
慎终追远	shen zhong zhui yuan	37
慎重其事	shen zhong qi shi	8
慢声细语	man sheng xi yu	1
慨当以慷	kai dang yi kang	9
慨然应允	kai ran ying yun	7
慷慨就义	kang kai jiu yi	18
慷慨悲歌	kang kai bei ge	22
慷慨激扬	kang kai ji yang	6
慷慨赴义	kang kai fu yi	11
憎爱分明	zeng ai fen ming	1
憨态可掬	han tai ke ju	30
戎马生涯	rong ma sheng ya	31
成也萧何	cheng ye xiao he	9
成也萧何败也萧何	cheng ye xiao he bai ye xiao he	2
成事不足	cheng shi bu zu	19
成事不足败事有余	cheng shi bu zu bai shi you yu	6
成事在人	cheng shi zai ren	6
成何体统	cheng he ti tong	49
成千成万	cheng qian cheng wan	7
成名成家	cheng ming cheng jia	4
成由勤俭败由奢	cheng you qin jian bai you she	9
成群结伙	cheng qun jie huo	4
成败利钝	cheng bai li dun	4
成败在此一举	cheng bai zai ci yi ju	15
成败得失	cheng bai de shi	24
成败萧何	cheng bai xiao he	1
我为鱼肉	wo wei yu rou	10
我见犹怜	wo jian you lian	33
战天斗地	zhan tian dou di	6
战火纷飞	zhan huo fen fei	46
戮力同心	lu li tong xin	9
所答非所问	suo da fei suo wen	12
扇枕温衾	shan zhen wen qin	5
手无缚鸡之力	shou wu fu ji zhi li	16
手胼足胝	shou pian zu zhi	6
手脚干净	shou jiao gan jing	1
才德兼备	cai de jian bei	19
才情横溢	cai qing heng yi	5
打个照面	da ge zhao mian	13
打入另册	da ru ling ce	6
打开天窗说亮话	da kai tian chuang shuo liang hua	5
打破沙锅问到底	da po sha guo wen dao di	13
打肿脸充胖子	da zhong lian chong pang zi	44
打蛇打七寸	da she da qi cun	3
打铁先得自身硬	da tie xian de zi shen ying	7
打铁趁热	da tie chen re	10
扬名四海	yang ming si hai	3
扬幡招魂	yang fan zhao hun	2
扬清抑浊	yang qing yi zhuo	6
扬清激浊	yang qing ji zhuo	5
扶危救困	fu wei jiu kun	3
扶弱抑强	fu ruo yi qiang	2
扶摇而上	fu yao er shang	1
扼腕叹息	e wan tan xi	14
扼腕长叹	e wan chang tan	3
承欢膝下	cheng huan xi xia	6
抑强扶弱	yi qiang fu ruo	13
抑郁寡欢	yi yu gua huan	5
投机钻营	tou ji zuan ying	10
投鞭断流	tou bian duan liu	7
抖擞精神	dou sou jing shen	9
抚今思昔	fu jin si xi	2
抚掌大笑	fu zhang da xiao	5
报仇雪耻	bao chou xue chi	14
报应不爽	bao ying bu shuang	4
披红戴花	pi hong dai hua	8
抱头大哭	bao tou da ku	12
抱成一团	bao cheng yi tuan	24
抱打不平	bao da bu ping	25
抱薪救火	bao xin jiu huo	2
抽刀断水	chou dao duan shui	1
担当不起	dan dang bu qi	43
拆东墙补西墙	chai dong qiang bu xi qiang	15
拆东补西	chai dong bu xi	2
拈花一笑	nian hua yi xiao	7
拈花微笑	nian hua wei xiao	17
拉大旗作虎皮	la da qi zuo hu pi	3
拉拉杂杂	la la za za	1
拒人于千里之外	ju ren yu qian li zhi wai	7
拒人千里之外	ju ren qian li zhi wai	5
拔出萝卜带出泥	ba chu luo bo dai chu ni	1
拔刀相向	ba dao xiang xiang	25
招贤纳士	zhao xian na shi	18
招降纳叛	zhao xiang na pan	18
拣了芝麻丢了西瓜	jian le zhi ma diu le xi gua	1
择其善者而从之	ze qi shan zhe er cong zhi	4
择邻而居	ze lin er ju	1
拳不离手	quan bu li shou	2
持盈保泰	chi ying bao tai	5
挂免战牌	gua mian zhan pai	14
挂冠求去	gua guan qiu qu	12
挈妇将雏	qie fu jiang chu	1
挖肉补疮	wa rou bu chuang	6
挨打受气	ai da shou qi	5
挨打受骂	ai da shou ma	1
挨门挨户	ai men ai hu	4
挨门逐户	ai men zhu hu	3
挫骨扬灰	cuo gu yang hui	36
振振有辞	zhen zhen you ci	3
振臂一呼	zhen bi yi hu	14
捉刀代笔	zhuo dao dai bi	3
捏了一把汗	nie le yi ba han	15
损人害己	sun ren hai ji	4
损己利人	sun ji li ren	3
捷报频传	jie bao pin chuan	17
授业解惑	shou ye jie huo	32
授人以柄	shou ren yi bing	14
授受不亲	shou shou bu qin	7
掎角之势	ji jiao zhi shi	25
排斥异己	pai chi yi ji	43
探赜索隐	tan ze suo yin	6
推三推四	tui san tui si	1
推本溯源	tui ben su yuan	6
推而广之	tui er guang zhi	45
掩鼻而过	yan bi er guo	1
掰开揉碎	bai kai rou sui	2
插翅难逃	cha chi nan tao	3
搬石砸脚	ban shi za jiao	1
摇头叹息	yao tou tan xi	7
摇摇摆摆	yao yao bai bai	17
摧眉折腰	cui mei zhe yao	15
摩肩擦踵	mo jian ca zhong	8
撒泼打滚	sa po da gun	1
撒豆成兵	sa dou cheng bing	9
操纵自如	cao zong zi ru	14
擒贼先擒王	qin zei xian qin wang	8
擒贼擒王	qin zei qin wang	11
擦脂抹粉	ca zhi mo fen	5
支吾其词	zhi wu qi ci	11
收之桑榆	shou zhi sang yu	19
改名易姓	gai ming yi xing	4
改弦易张	gai xian yi zhang	3
改过迁善	gai guo qian shan	48
攻其一点不及其余	gong qi yi dian bu ji qi yu	6
攻其无备	gong qi wu bei	10
攻子之盾	gong zi zhi dun	5
攻心为上	gong xin wei shang	15
放下包袱	fang xia bao fu	37
放下屠刀立地成佛	fang xia tu dao li di cheng fo	32
放之四海而皆准	fang zhi si hai er jie zhun	13
放浪不羁	fang lang bu ji	36
放火烧山	fang huo shao shan	38
放纵不羁	fang zong bu ji	35
放长线钓大鱼	fang chang xian diao da yu	33
放马后炮	fang ma hou pao	1
故作高深	gu zuo gao shen	12
故土难离	gu tu nan li	7
故技重演	gu ji chong yan	6
敏而好学	min er hao xue	21
救人一命	jiu ren yi ming	38
救急不救穷	jiu ji bu jiu qiong	19
救民于水火	jiu min yu shui huo	7
救灾恤患	jiu zai xu huan	3
敢作敢当	gan zuo gan dang	46
敢怒敢言	gan nu gan yan	10
敢怒而不敢言	gan nu er bu gan yan	11
敢想敢说	gan xiang gan shuo	5
敬业乐群	jing ye le qun	35
敬老尊贤	jing lao zun xian	10
敬若神明	jing ruo shen ming	8
敲骨吸髓	qiao gu xi sui	2
整军经武	zheng jun jing wu	22
整旧如新	zheng jiu ru xin	6
敷衍搪塞	fu yan tang se	1
文人学士	wen ren xue shi	46
文以载道	wen yi zai dao	43
文弱书生	wen ruo shu sheng	33
文情并茂	wen qing bing mao	9
文武之道	wen wu zhi dao	14
文治武功	wen zhi wu gong	46
文理不通	wen li bu tong	8
文采风流	wen cai feng liu	17
文韬武略	wen tao wu lve	18
斗志昂扬	dou zhi ang yang	47
料峭春寒	liao qiao chun han	2
斜风细雨	xie feng xi yu	2
斩关夺隘	zhan guan duo ai	6
断井颓垣	duan jing tui yuan	7
断线风筝	duan xian feng zheng	7
斯斯文文	si si wen wen	25
新人新事	xin ren xin shi	3
新仇旧恨	xin chou jiu hen	37
方便之门	fang bian zhi men	43
方寸之地	fang cun zhi di	4
旁枝末节	pang zhi mo jie	9
旁逸斜出	pang yi xie chu	1
旖旎风光	yi ni feng guang	5
无事生事	wu shi sheng shi	6
无人之地	wu ren zhi di	36
无从置喙	wu cong zhi hui	7
无关大局	wu guan da ju	13
无则加勉	wu ze jia mian	35
无可估量	wu ke gu liang	21
无可匹敌	wu ke pi di	48
无可名状	wu ke ming zhuang	1
无可奈何花落去	wu ke nai he hua luo qu	28
无可置喙	wu ke zhi hui	1
无名小辈	wu ming xiao bei	8
无头无尾	wu tou wu wei	11
无始无终	wu shi wu zhong	32
无官一身轻	wu guan yi shen qing	14
无容身之地	wu rong shen zhi di	9
无巧不成书	wu qiao bu cheng shu	36
无影无形	wu ying wu xing	2
无心插柳柳成荫	wu xin cha liu liu cheng yin	12
无所不及	wu suo bu ji	2
无所不晓	wu suo bu xiao	9
无所不有	wu suo bu you	28
无所不通	wu suo bu tong	25
无所忌惮	wu suo ji dan	21
无敌于天下	wu di yu tian xia	28
无源之水	wu yuan zhi shui	9
无源之水无本之木	wu yuan zhi shui wu ben zhi mu	6
无立足之地	wu li zu zhi di	16
无立锥之地	wu li zhui zhi di	10
无补于事	wu bu yu shi	44
无踪无影	wu zong wu ying	2
无边无垠	wu bian wu yin	6
无远弗届	wu yuan fu jie	49
无风三尺浪	wu feng san chi lang	6
无风起浪	wu feng qi lang	4
日丽风和	ri li feng he	5
日久弥新	ri jiu mi xin	6
日出而作	ri chu er zuo	14
日出而作日入而息	ri chu er zuo ri ru er xi	1
日思夜盼	ri si ye pan	7
日月无光	ri yue wu guang	8
日月经天	ri yue jing tian	2
日落西山	ri luo xi shan	32
日行千里	ri xing qian li	22
日进斗金	ri jin dou jin	8
旦夕之间	dan xi zhi jian	11
旧地重游	jiu di chong you	42
旧瓶新酒	jiu ping xin jiu	6
旧瓶装新酒	jiu ping zhuang xin jiu	8
旧话重提	jiu hua chong ti	5
早知今日	zao zhi jin ri	2
早知今日何必当初	zao zhi jin ri he bi dang chu	8
旭日初升	xu ri chu sheng	28
时势造英雄	shi shi zao ying xiong	21
时移世易	shi yi shi yi	20
时移势易	shi yi shi yi	13
旷世奇才	kuang shi qi cai	16
旷古未有	kuang gu wei you	6
昂头挺胸	ang tou ting xiong	3
明修栈道	ming xiu zhan dao	14
明修栈道暗度陈仓	ming xiu zhan dao an du chen cang	3
明升暗降	ming sheng an jiang	29
明察暗访	ming cha an fang	16
明德惟馨	ming de wei xin	5
明月清风	ming yue qing feng	16
明枪易躲	ming qiang yi duo	6
明枪易躲暗箭难防	ming qiang yi duo an jian nan fang	5
明白如话	ming bai ru hua	1
明眸善睐	ming mou shan lai	6
昏头转向	hun tou zhuan xiang	4
易地而处	yi di er chu	10
星星之火可以燎原	xing xing zhi huo ke yi liao yuan	29
星月交辉	xing yue jiao hui	4
春去秋来	chun qu qiu lai	35
春和景明	chun he jing ming	7
春回大地	chun hui da di	33
春宵一刻值千金	chun xiao yi ke zhi qian jin	48
春满人间	chun man ren jian	17
春生夏长	chun sheng xia zhang	3
春生夏长秋收冬藏	chun sheng xia zhang qiu shou dong cang	1
春色满园	chun se man yuan	7
春花秋月	chun hua qiu yue	39
春蚕到死丝方尽	chun can dao si si fang jin	4
春风浩荡	chun feng hao dang	1
春风雨露	chun feng yu lu	5
是可忍孰不可忍	shi ke ren shu bu ke ren	12
是非之心	shi fei zhi xin	16
是非分明	shi fei fen ming	29
是非得失	shi fei de shi	5
是非自有公论	shi fei zi you gong lun	5
是非颠倒	shi fei dian dao	22
昼伏夜行	zhou fu ye xing	20
昼夜兼程	zhou ye jian cheng	32
显山露水	xian shan lu shui	21
显露头角	xian lu tou jiao	16
晓以大义	xiao yi da yi	46
晓风残月	xiao feng can yue	21
晕晕沉沉	yun yun chen chen	6
晨光熹微	chen guang xi wei	8
晨钟暮鼓	chen zhong mu gu	13
智者千虑	zhi zhe qian lv	30
智者见智	zhi zhe jian zhi	48
暗度陈仓	an du chen cang	30
暗箭伤人	an jian shang ren	11
暗箭难防	an jian nan fang	7
暮色苍茫	mu se cang mang	2
暴涨暴跌	bao zhang bao die	5
暴露目标	bao lu mu biao	30
曲不离口	qu bu li kou	2
曲意迎合	qu yi ying he	5
曲突徙薪	qu tu xi xin	3
月圆花好	yue yuan hua hao	12
月晕而风	yue yun er feng	6
月朗星稀	yue lang xing xi	8
月朗风清	yue lang feng qing	7
月满则亏	yue man ze kui	6
有一搭没一搭	you yi da mei yi da	21
有其父必有其子	you qi fu bi you qi zi	30
有凤来仪	you feng lai yi	22
有凭有据	you ping you ju	19
有则改之	you ze gai zhi	33
有则改之无则加勉	you ze gai zhi wu ze jia mian	34
有口难言	you kou nan yan	23
有头无尾	you tou wu wei	9
有害无利	you hai wu li	18
有志不在年高	you zhi bu zai nian gao	4
有条有理	you tiao you li	27
有来无回	you lai wu hui	15
有来有往	you lai you wang	44
有案可查	you an ke cha	15
有案可稽	you an ke ji	7
有百害而无一利	you bai hai er wu yi li	5
有福同享有难同当	you fu tong xiang you nan tong dang	31
有约在先	you yue zai xian	13
有耻且格	you chi qie ge	2
有苦难言	you ku nan yan	44
有负众望	you fu zhong wang	1
有财有势	you cai you shi	12
有贼心没贼胆	you zei xin mei zei dan	39
有过之无不及	you guo zhi wu bu ji	17
有进无退	you jin wu tui	15
有鼻子有眼	you bi zi you yan	17
朋友妻不可欺	peng you qi bu ke qi	18
朝乾夕惕	zhao qian xi ti	5
朝生暮死	zhao sheng mu si	2
朝野上下	chao ye shang xia	38
未为不可	wei wei bu ke	3
未定之天	wei ding zhi tian	3
未竟之志	wei jing zhi zhi	15
未能免俗	wei neng mian su	5
本乡本土	ben xiang ben tu	6
本固邦宁	ben gu bang ning	7
本小利薄	ben xiao li bo	7
本性难移	ben xing nan yi	19
朴素无华	pu su wu hua	28
机不可失时不再来	ji bu ke shi shi bu zai lai	13
朽木不可雕	xiu mu bu ke diao	32
杀伐决断	sha fa jue duan	12
杀鸡焉用牛刀	sha ji yan yong niu dao	1
杀鸡骇猴	sha ji hai hou	7
杂乱无序	za luan wu xu	8
权倾天下	quan qing tian xia	34
权宜之策	quan yi zhi ce	9
李广难封	li guang nan feng	9
杏花春雨	xing hua chun yu	11
杜绝后患	du jue hou huan	8
杜鹃啼血	du juan ti xue	15
杞人之忧	qi ren zhi you	8
束手无措	shu shou wu cuo	5
来势凶猛	lai shi xiong meng	27
来去无踪	lai qu wu zong	15
来回来去	lai hui lai qu	14
来处不易	lai chu bu yi	13
来者不善	lai zhe bu shan	29
来者可追	lai zhe ke zhui	7
来而不往非礼也	lai er bu wang fei li ye	27
杨柳依依	yang liu yi yi	27
杯中之物	bei zhong zhi wu	2
杯觥交错	bei gong jiao cuo	6
杯酒释兵权	bei jiu shi bing quan	30
杳无人烟	yao wu ren yan	28
杳无人迹	yao wu ren ji	9
杳无消息	yao wu xiao xi	2
杳无踪影	yao wu zong ying	2
杳无踪迹	yao wu zong ji	7
极目远望	ji mu yuan wang	3
极目远眺	ji mu yuan tiao	5
极而言之	ji er yan zhi	1
枝节横生	zhi jie heng sheng	2
枯枝败叶	ku zhi bai ye	16
枯瘦如柴	ku shou ru chai	5
柔情蜜意	rou qing mi yi	29
柔肠百转	rou chang bai zhuan	2
查无实据	cha wu shi ju	41
柳绿花红	liu lv hua hong	5
栉比鳞次	zhi bi lin ci	6
栋梁之才	dong liang zhi cai	32
树欲静而风不止	shu yu jing er feng bu zhi	40
桂子飘香	gui zi piao xiang	2
桃李不言	tao li bu yan	15
桃李不言下自成蹊	tao li bu yan xia zi cheng xi	3
桃李遍天下	tao li bian tian xia	2
桃花流水	tao hua liu shui	10
案牍劳形	an du lao xing	4
桑间濮上	sang jian pu shang	6
梅妻鹤子	mei qi he zi	12
梦幻泡影	meng huan pao ying	34
梦笔生花	meng bi sheng hua	6
梨园子弟	li yuan zi di	13
森严壁垒	sen yan bi lei	1
楼台亭阁	lou tai ting ge	10
榜上无名	bang shang wu ming	22
横冲直闯	heng chong zhi chuang	7
横平竖直	heng ping shu zhi	30
横挑鼻子竖挑眼	heng tiao bi zi shu tiao yan	2
横槊赋诗	heng shuo fu shi	3
横行天下	heng xing tian xia	19
欢呼雷动	huan hu lei dong	6
欲加之罪	yu jia zhi zui	26
欲加之罪何患无辞	yu jia zhi zui he huan wu ci	4
欲扬先抑	yu yang xian yi	22
欲速不达	yu su bu da	4
止戈为武	zhi ge wei wu	9
正心诚意	zheng xin cheng yi	10
正直无私	zheng zhi wu si	10
正经八百	zheng jing ba bai	45
此一时彼一时	ci yi shi bi yi shi	22
此伏彼起	ci fu bi qi	4
此风不可长	ci feng bu ke zhang	13
步履矫健	bu lv jiao jian	1
步履艰辛	bu lv jian xin	1
步步登高	bu bu deng gao	4
步调一致	bu diao yi zhi	47
武艺超群	wu yi chao qun	39
死不足惜	si bu zu xi	20
死无葬身之地	si wu zang shen zhi di	31
死马当活马医	si ma dang huo ma yi	4
残暴不仁	can bao bu ren	28
残汤剩饭	can tang sheng fan	1
残羹冷炙	can geng leng zhi	12
残羹剩饭	can geng sheng fan	24
残花败柳	can hua bai liu	23
殚精竭力	dan jing jie li	3
殷忧启圣	yin you qi sheng	5
殷鉴不远	yin jian bu yuan	15
殿堂楼阁	dian tang lou ge	5
毁于蚁穴	hui yu yi xue	8
毁誉不一	hui yu bu yi	6
母以子贵	mu yi zi gui	38
母慈子孝	mu ci zi xiao	5
每下愈况	mei xia yu kuang	35
比上不足比下有余	bi shang bu zu bi xia you yu	3
比手画脚	bi shou hua jiao	36
比肩接踵	bi jian jie zhong	1
比肩而立	bi jian er li	7
毕其功于一役	bi qi gong yu yi yi	8
毛将焉附	mao jiang yan fu	2
毫不介意	hao bu jie yi	41
毫不利己	hao bu li ji	8
毫不利己专门利人	hao bu li ji zhuan men li ren	2
毫不讳言	hao bu hui yan	17
毫无所知	hao wu suo zhi	25
毫无逊色	hao wu xun se	1
民不畏死	min bu wei si	16
民为邦本	min wei bang ben	2
民办公助	min ban gong zhu	33
民富国强	min fu guo qiang	6
民生凋敝	min sheng diao bi	35
民生在勤	min sheng zai qin	1
民胞物与	min bao wu yu	7
民膏民脂	min gao min zhi	3
民贵君轻	min gui jun qing	8
气喘吁吁	qi chuan xu xu	17
气喘如牛	qi chuan ru niu	5
气定神闲	qi ding shen xian	9
气数已尽	qi shu yi jin	48
气焰嚣张	qi yan xiao zhang	26
水光山色	shui guang shan se	3
水可载舟	shui ke zai zhou	5
水可载舟亦可覆舟	shui ke zai zhou yi ke fu zhou	6
水天一色	shui tian yi se	19
水月观音	shui yue guan yin	19
水月镜花	shui yue jing hua	15
水来土掩	shui lai tu yan	15
水漫金山	shui man jin shan	31
水火不相容	shui huo bu xiang rong	15
水火之中	shui huo zhi zhong	25
水碧山青	shui bi shan qing	6
水能载舟	shui neng zai zhou	35
水能载舟亦能覆舟	shui neng zai zhou yi neng fu zhou	1
水至清则无鱼	shui zhi qing ze wu yu	32
水过地皮湿	shui guo di pi shi	7
永不磨灭	yong bu mo mie	47
永垂青史	yong chui qing shi	5
永无宁日	yong wu ning ri	15
永矢弗谖	yong shi fu xuan	1
求人不如求己	qiu ren bu ru qiu ji	29
求仁得仁	qiu ren de ren	37
求其友声	qiu qi you sheng	1
求大同存小异	qiu da tong cun xiao yi	3
求才若渴	qiu cai ruo ke	5
求生不得	qiu sheng bu de	10
求知若渴	qiu zhi ruo ke	12
求神问卜	qiu shen wen bu	22
求贤如渴	qiu xian ru ke	1
求过于供	qiu guo yu gong	13
汗流满面	han liu man mian	12
江东父老	jiang dong fu lao	48
江天一色	jiang tian yi se	2
江山如画	jiang shan ru hua	16
江山易改	jiang shan yi gai	6
江山易改本性难移	jiang shan yi gai ben xing nan yi	6
江汉朝宗	jiang han chao zong	1
江河行地	jiang he xing di	1
汪洋大海	wang yang da hai	39
汪洋恣肆	wang yang zi si	13
沃野千里	wo ye qian li	17
沉心静气	chen xin jing qi	3
沉思默想	chen si mo xiang	1
沉渣泛起	chen zha fan qi	4
沉滓泛起	chen zi fan qi	6
沉郁顿挫	chen yu dun cuo	13
沐猴而冠	mu hou er guan	13
没头没脸	mei tou mei lian	6
没有不透风的墙	mei you bu tou feng de qiang	10
没齿难忘	mo chi nan wang	17
沦落风尘	lun luo feng chen	21
沧海遗珠	cang hai yi zhu	46
河海不择细流	he hai bu ze xi liu	1
油光可鉴	you guang ke jian	3
治丝益棼	zhi si yi fen	3
治国安民	zhi guo an min	9
泄露天机	xie lu tian ji	39
法不阿贵	fa bu e gui	2
泛泛之交	fan fan zhi jiao	32
泛泛之谈	fan fan zhi tan	2
波平浪静	bo ping lang jing	7
波谲云诡	bo jue yun gui	16
泥古不化	ni gu bu hua	4
泪眼汪汪	lei yan wang wang	34
泰山不让土壤	tai shan bu rang tu rang	6
泰山压顶不弯腰	tai shan ya ding bu wan yao	7
泼妇骂街	po fu ma jie	49
泽被后世	ze bei hou shi	3
洁白无瑕	jie bai wu xia	29
洁身自爱	jie shen zi ai	40
洒扫应对	sa sao ying dui	2
洞察秋毫	dong cha qiu hao	4
洪福齐天	hong fu qi tian	37
洪钟大吕	hong zhong da lv	1
活龙活现	huo long huo xian	1
流年似水	liu nian si shui	14
流水不腐	liu shui bu fu	5
流水无情	liu shui wu qing	26
流水行云	liu shui xing yun	20
流离颠沛	liu li dian pei	8
流芳千古	liu fang qian gu	15
流落他乡	liu luo ta xiang	10
流言止于智者	liu yan zhi yu zhi zhe	18
流言飞语	liu yan fei yu	7
浅斟低唱	qian zhen di chang	3
济世安民	ji shi an min	13
济世安邦	ji shi an bang	6
济世救人	ji shi jiu ren	34
济困扶危	ji kun fu wei	5
浓妆淡抹	nong zhuang dan mo	14
浓荫蔽日	nong yin bi ri	7
浩浩汤汤	hao hao shang shang	2
浩然之气	hao ran zhi qi	22
浩若烟海	hao ruo yan hai	1
海不扬波	hai bu yang bo	15
海底捞针	hai di lao zhen	3
海晏河清	hai yan he qing	16
海角天涯	hai jiao tian ya	43
海阔天高	hai kuo tian gao	2
涂炭生灵	tu tan sheng ling	6
涕泗横流	ti si heng liu	29
涕泪交加	ti lei jiao jia	3
涕泪交流	ti lei jiao liu	6
涸泽而渔	he ze er yu	4
淡泊以明志	dan bo yi ming zhi	1
淡泊明志	dan bo ming zhi	11
淡然处之	dan ran chu zhi	44
深入骨髓	shen ru gu sui	12
深山密林	shen shan mi lin	21
深山幽谷	shen shan you gu	12
深恶痛疾	shen wu tong ji	8
混淆是非	hun xiao shi fei	37
混淆黑白	hun xiao hei bai	9
混混沌沌	hun hun dun dun	5
清华东门	qing hua dong men	2
清官难断家务事	qing guan nan duan jia wu shi	26
清廉正直	qing lian zheng zhi	44
清新俊逸	qing xin jun yi	9
清闲自在	qing xian zi zai	9
清静无为	qing jing wu wei	30
清风两袖	qing feng liang xiu	2
清风朗月	qing feng lang yue	8
渔翁之利	yu weng zhi li	48
温柔敦厚	wen rou dun hou	41
温良恭俭让	wen liang gong jian rang	13
游必有方	you bi you fang	41
游目骋怀	you mu cheng huai	6
游移不定	you yi bu ding	21
渺无音讯	miao wu yin xun	5
湮没无闻	yan mo wu wen	20
溃于蚁穴	kui yu yi xue	1
源头活水	yuan tou huo shui	11
源源而来	yuan yuan er lai	5
溘然长逝	ke ran chang shi	41
溢美之辞	yi mei zhi ci	7
滑天下之大稽	hua tian xia zhi da ji	17
滔天大罪	tao tian da zui	14
滔天罪行	tao tian zui xing	34
满口答应	man kou da ying	16
满园春色	man yuan chun se	22
满坑满谷	man keng man gu	11
满天星斗	man tian xing dou	20
满山满谷	man shan man gu	2
满盘皆输	man pan jie shu	12
满目琳琅	man mu lin lang	2
满目青山	man mu qing shan	3
满脸堆笑	man lian dui xiao	5
满脸春风	man lian chun feng	6
满腔热忱	man qiang re chen	14
满腹牢骚	man fu lao sao	15
满腹狐疑	man fu hu yi	7
满面笑容	man mian xiao rong	14
满面红光	man mian hong guang	9
滴水成河	di shui cheng he	1
漫天叫价	man tian jiao jia	2
漫天开价	man tian kai jia	4
漫天要价	man tian yao jia	16
漫天遍野	man tian bian ye	1
漫无止境	man wu zhi jing	13
激昂慷慨	ji ang kang kai	5
火上添油	huo shang tian you	1
火光冲天	huo guang chong tian	18
火力集中	huo li ji zhong	25
灭绝人性	mie jue ren xing	25
灯火辉煌	deng huo hui huang	17
灿烂辉煌	can lan hui huang	19
灿若繁星	can ruo fan xing	12
炮火连天	pao huo lian tian	28
点头称是	dian tou cheng shi	10
点铁成金	dian tie cheng jin	18
炼石补天	lian shi bu tian	18
烂熟于心	lan shu yu xin	5
烂醉如泥	lan zui ru ni	41
烈士暮年	lie shi mu nian	14
烈火烹油	lie huo peng you	1
烈火见真金	lie huo jian zhen jin	7
烫手山芋	tang shou shan yu	35
热锅上的蚂蚁	re guo shang de ma yi	3
热锅上蚂蚁	re guo shang ma yi	1
烽火四起	feng huo si qi	6
烽火连天	feng huo lian tian	15
焉得虎子	yan de hu zi	15
焕发青春	huan fa qing chun	17
焚林而猎	fen lin er lie	2
焚琴煮鹤	fen qin zhu he	8
焚膏继晷	fen gao ji gui	4
焦灼不安	jiao zhuo bu an	1
照章办事	zhao zhang ban shi	8
熔于一炉	rong yu yi lu	10
熬更守夜	ao geng shou ye	7
燎原之火	liao yuan zhi huo	7
燕瘦环肥	yan shou huan fei	7
爬山涉水	pa shan she shui	37
爱惜羽毛	ai xi yu mao	13
爱钱如命	ai qian ru ming	8
父为子隐	fu wei zi yin	3
父债子还	fu zhai zi huan	5
父慈子孝	fu ci zi xiao	23
父母之邦	fu mu zhi bang	8
爽心悦目	shuang xin yue mu	6
片瓦不留	pian wa bu liu	2
片瓦无存	pian wa wu cun	2
片言只字	pian yan zhi zi	10
牛之一毛	niu zhi yi mao	6
牛高马大	niu gao ma da	10
牢骚太盛防肠断	lao sao tai sheng fang chang duan	1
牢骚满腹	lao sao man fu	11
物华天宝	wu hua tian bao	29
牵一发而动全身	qian yi fa er dong quan shen	25
牵牛织女	qian niu zhi nv	2
犀牛望月	xi niu wang yue	3
犁庭扫穴	li ting sao xue	2
狂涛巨浪	kuang tao ju lang	2
狂涛骇浪	kuang tao hai lang	6
狂风怒号	kuang feng nu hao	2
狂风恶浪	kuang feng e lang	3
狗咬吕洞宾	gou yao lv dong bin	26
狗屁不通	gou pi bu tong	6
狗拿耗子	gou na hao zi	24
独往独来	du wang du lai	2
独排众议	du pai zhong yi	47
独木不成林	du mu bu cheng lin	4
独此一家	du ci yi jia	12
独运匠心	du yun jiang xin	2
独霸一方	du ba yi fang	30
狭路相逢勇者胜	xia lu xiang feng yong zhe sheng	22
狰狞面目	zheng ning mian mu	12
狼烟四起	lang yan si qi	9
狼狈逃窜	lang bei tao cuan	6
猖獗一时	chang jue yi shi	6
猜拳行令	cai quan xing ling	2
率先垂范	shuai xian chui fan	2
率土之滨	shuai tu zhi bin	13
玉不琢不成器	yu bu zhuo bu cheng qi	4
玉树琼枝	yu shu qiong zhi	3
玉汝于成	yu ru yu cheng	5
玉液琼浆	yu ye qiong jiang	1
王侯将相	wang hou jiang xiang	40
王祥卧冰	wang xiang wo bing	3
王顾左右而言他	wang gu zuo you er yan ta	8
环肥燕瘦	huan fei yan shou	10
现世现报	xian shi xian bao	2
玲珑小巧	ling long xiao qiao	2
珍馐美馔	zhen xiu mei zhuan	3
琴心剑胆	qin xin jian dan	6
琴瑟和谐	qin se he xie	8
琼浆玉液	qiong jiang yu ye	5
瓜分豆剖	gua fen dou pou	1
瓜瓞绵绵	gua die mian mian	7
瓦釜雷鸣	wa fu lei ming	1
甘之若饴	gan zhi ruo yi	13
甘居人后	gan ju ren hou	1
甘心情愿	gan xin qing yuan	14
甘苦与共	gan ku yu gong	11
甚于防川	shen yu fang chuan	3
甜酸苦辣	tian suan ku la	29
生于忧患死于安乐	sheng yu you huan si yu an le	6
生拉硬扯	sheng la ying che	4
生死不渝	sheng si bu yu	2
生死相依	sheng si xiang yi	17
生生死死	sheng sheng si si	6
生米做成熟饭	sheng mi zuo cheng shu fan	3
生米煮成熟饭	sheng mi zhu cheng shu fan	42
生而知之	sheng er zhi zhi	9
生财之道	sheng cai zhi dao	35
用之不竭	yong zhi bu jie	25
用兵如神	yong bing ru shen	20
用其所长	yong qi suo chang	5
用尽心机	yong jin xin ji	14
田连阡陌	tian lian qian mo	3
由浅入深	you qian ru shen	34
由近及远	you jin ji yuan	25
电光石火	dian guang shi huo	43
男儿膝下有黄金	nan er xi xia you huang jin	12
男大当婚	nan da dang hun	15
男大当婚女大当嫁	nan da dang hun nv da dang jia	11
男婚女嫁	nan hun nv jia	34
男耕女织	nan geng nv zhi	27
画中有诗	hua zhong you shi	14
画栋雕梁	hua dong diao liang	6
画虎不成反类犬	hua hu bu cheng fan lei quan	14
畅行无阻	chang xing wu zu	43
畏罪潜逃	wei zui qian tao	43
留得青山在	liu de qing shan zai	30
留恋不舍	liu lian bu she	5
留有余地	liu you yu di	23
略窥一斑	lve kui yi ban	1
略高一筹	lve gao yi chou	5
畸形发展	ji xing fa zhan	17
畸重畸轻	ji zhong ji qing	1
疏而不漏	shu er bu lou	10
疲乏不堪	pi fa bu kan	6
疾风暴雨	ji feng bao yu	4
疾风知劲草	ji feng zhi jing cao	10
病从口入	bing cong kou ru	4
病急乱投医	bing ji luan tou yi	28
病来如山倒	bing lai ru shan dao	49
病魔缠身	bing mo chan shen	32
痛入骨髓	tong ru gu sui	4
痴男怨女	chi nan yuan nv	34
瘦死的骆驼比马大	shou si de luo tuo bi ma da	9
瘦骨如柴	shou gu ru chai	12
癞蛤蟆想吃天鹅肉	lai ha ma xiang chi tian e rou	1
白云苍狗	bai yun cang gou	26
白刀子进红刀子出	bai dao zi jin hong dao zi chu	2
白发人送黑发人	bai fa ren song hei fa ren	27
白山黑水	bai shan hei shui	25
白手兴家	bai shou xing jia	45
白沙在涅	bai sha zai nie	6
白浪滔天	bai lang tao tian	3
白衣秀士	bai yi xiu shi	19
白费力气	bai fei li qi	37
白首偕老	bai shou xie lao	9
白首方悔读书迟	bai shou fang hui du shu chi	3
百万雄兵	bai wan xiong bing	12
百业萧条	bai ye xiao tiao	29
百媚千娇	bai mei qian jiao	4
百密一疏	bai mi yi shu	25
百尺竿头更进一步	bai chi gan tou geng jin yi bu	5
百岁之后	bai sui zhi hou	3
百川归海	bai chuan gui hai	6
百年之好	bai nian zhi hao	8
百年大业	bai nian da ye	8
百年树人	bai nian shu ren	46
百废俱兴	bai fei ju xing	14
百废待举	bai fei dai ju	47
百弊丛生	bai bi cong sheng	6
百折不屈	bai zhe bu qu	4
百折千回	bai zhe qian hui	6
百无一用	bai wu yi yong	30
百无一用是书生	bai wu yi yong shi shu sheng	16
百病丛生	bai bing cong sheng	3
百端待举	bai duan dai ju	6
百般刁难	bai ban diao nan	48
百般折磨	bai ban zhe mo	11
百花争妍	bai hua zheng yan	2
百花争艳	bai hua zheng yan	15
百花凋零	bai hua diao ling	6
百花生日	bai hua sheng ri	3
百花盛开	bai hua sheng kai	22
百花齐放百家争鸣	bai hua qi fang bai jia zheng ming	3
百读不厌	bai du bu yan	8
百足之虫	bai zu zhi chong	4
百足之虫死而不僵	bai zu zhi chong si er bu jiang	6
皇天不负苦心人	huang tian bu fu ku xin ren	7
皓首穷经	hao shou qiong jing	4
皮之不存	pi zhi bu cun	4
皮之不存毛将焉附	pi zhi bu cun mao jiang yan fu	2
益寿延年	yi shou yan nian	9
盖棺定论	gai guan ding lun	35
盘古开天地	pan gu kai tian di	6
盛名之下	sheng ming zhi xia	11
盛名之下其实难副	sheng ming zhi xia qi shi nan fu	1
目不忍视	mu bu ren shi	14
目不暇给	mu bu xia ji	18
目光炯炯	mu guang jiong jiong	10
目无尊长	mu wu zun zhang	14
目迷五色	mu mi wu se	6
盲人骑瞎马	mang ren qi xia ma	3
直上直下	zhi shang zhi xia	20
直抒己见	zhi shu ji jian	6
直抒胸臆	zhi shu xiong yi	49
直捣黄龙	zhi dao huang long	36
直认不讳	zhi ren bu hui	12
相对无言	xiang dui wu yan	18
相形失色	xiang xing shi se	18
相忍为国	xiang ren wei guo	13
相时而动	xiang shi er dong	5
相机而动	xiang ji er dong	5
相沿成习	xiang yan cheng xi	5
相煎何急	xiang jian he ji	2
相煎太急	xiang jian tai ji	6
相见时难别亦难	xiang jian shi nan bie yi nan	37
相视而笑	xiang shi er xiao	33
相貌堂堂	xiang mao tang tang	42
相逢恨晚	xiang feng hen wan	16
眉头一皱	mei tou yi zhou	34
眉毛胡子一把抓	mei mao hu zi yi ba zhua	1
眉目传情	mei mu chuan qing	34
看家本事	kan jia ben shi	1
看家本领	kan jia ben ling	13
看菜吃饭	kan cai chi fan	1
真人不露相	zhen ren bu lou xiang	41
真伪莫辨	zhen wei mo bian	3
真刀真枪	zhen dao zhen qiang	19
真情实意	zhen qing shi yi	37
真金不怕火炼	zhen jin bu pa huo lian	12
眼中钉肉中刺	yan zhong ding rou zhong ci	6
眼尖手快	yan jian shou kuai	1
眼明心亮	yan ming xin liang	3
眼观六路	yan guan liu lu	12
眼观六路耳听八方	yan guan liu lu er ting ba fang	10
眼观四路	yan guan si lu	2
睁一眼闭一眼	zheng yi yan bi yi yan	15
睚眦必报	ya zi bi bao	36
睥睨一切	pi ni yi qie	2
瞎子摸鱼	xia zi mo yu	7
瞒上欺下	man shang qi xia	6
瞠乎其后	cheng hu qi hou	3
瞬息之间	shun xi zhi jian	12
矢志不移	shi zhi bu yi	8
知其不可而为之	zhi qi bu ke er wei zhi	1
知命之年	zhi ming zhi nian	6
知子莫若父	zhi zi mo ruo fu	7
知彼知己	zhi bi zhi ji	7
知恩报恩	zhi en bao en	4
知情不举	zhi qing bu ju	2
知我罪我	zhi wo zui wo	2
知无不言言无不尽	zhi wu bu yan yan wu bu jin	9
知易行难	zhi yi xing nan	28
知止不殆	zhi zhi bu dai	4
知足不辱	zhi zu bu ru	9
知足知止	zhi zu zhi zhi	1
短小精干	duan xiao jing gan	16
短斤少两	duan jin shao liang	3
砍瓜切菜	kan gua qie cai	3
砥柱中流	di zhu zhong liu	10
破旧立新	po jiu li xin	26
破格录用	po ge lu yong	12
破玩意儿	po wan yi er	33
破竹之势	po zhu zhi shi	17
破门而出	po men er chu	12
础润而雨	chu run er yu	1
硕大无比	shuo da wu bi	10
碎尸万段	sui shi wan duan	41
碧水青山	bi shui qing shan	5
碧空万里	bi kong wan li	2
碧空如洗	bi kong ru xi	7
磨刀不误砍柴工	mo dao bu wu kan chai gong	11
磨嘴皮子	mo zui pi zi	7
礼仪之邦	li yi zhi bang	34
礼崩乐坏	li beng yue huai	34
祛病延年	qu bing yan nian	3
神乎其技	shen hu qi ji	46
神完气足	shen wan qi zu	2
神工鬼斧	shen gong gui fu	3
神思恍惚	shen si huang hu	1
神情恍惚	shen qing huang hu	26
神情自若	shen qing zi ruo	23
神气十足	shen qi shi zu	12
神清气和	shen qing qi he	6
神闲气定	shen xian qi ding	1
祸福相依	huo fu xiang yi	13
福地洞天	fu di dong tian	6
福寿双全	fu shou shuang quan	16
福寿康宁	fu shou kang ning	10
福禄寿喜	fu lu shou xi	25
离乡别井	li xiang bie jing	34
离合悲欢	li he bei huan	5
离奇古怪	li qi gu guai	7
离情别绪	li qing bie xu	7
离题万里	li ti wan li	1
秀才不出门	xiu cai bu chu men	2
秀才造反	xiu cai zao fan	8
私相授受	si xiang shou shou	42
秉公办理	bing gong ban li	12
秉笔直书	bing bi zhi shu	28
秋收冬藏	qiu shou dong cang	30
秋月春风	qiu yue chun feng	10
秋毫无犯	qiu hao wu fan	48
秋水伊人	qiu shui yi ren	33
秋风落叶	qiu feng luo ye	13
种瓜得瓜	zhong gua de gua	20
种瓜得瓜种豆得豆	zhong gua de gua zhong dou de dou	12
种豆得豆	zhong dou de dou	16
积习难改	ji xi nan gai	8
积善之家必有余庆	ji shan zhi jia bi you yu qing	1
积善成德	ji shan cheng de	8
积土成山	ji tu cheng shan	4
积小成大	ji xiao cheng da	1
积毁销骨	ji hui xiao gu	3
积水成渊	ji shui cheng yuan	2
积沙成塔	ji sha cheng ta	7
积谷防饥	ji gu fang ji	3
积非成是	ji fei cheng shi	19
称心满意	chen xin man yi	2
称王称霸	cheng wang cheng ba	24
移山填海	yi shan tian hai	26
稀世之宝	xi shi zhi bao	11
程门立雪	cheng men li xue	12
稍胜一筹	shao sheng yi chou	6
稍逊一筹	shao xun yi chou	17
稳操胜算	wen cao sheng suan	5
穷且益坚	qiong qie yi jian	4
穷则独善其身	qiong ze du shan qi shen	31
穷奢极侈	qiong she ji chi	34
穷家富路	qiong jia fu lu	7
穷寇莫追	qiong kou mo zhui	6
穷山僻壤	qiong shan pi rang	14
穷形尽相	qiong xing jin xiang	2
穷愁潦倒	qiong chou liao dao	8
空口说白话	kong kou shuo bai hua	14
空空道人	kong kong dao ren	5
空话连篇	kong hua lian pian	1
空谷幽兰	kong gu you lan	36
穿红着绿	chuan hong zhuo lv	1
窥见一斑	kui jian yi ban	13
窥豹一斑	kui bao yi ban	1
立业成家	li ye cheng jia	11
立于不败	li yu bu bai	1
立于不败之地	li yu bu bai zhi di	43
立德立言	li de li yan	6
立身行事	li shen xing shi	5
竖子成名	shu zi cheng ming	3
竭尽心力	jie jin xin li	34
竭忠尽智	jie zhong jin zhi	4
竹报平安	zhu bao ping an	29
竹篮打水	zhu lan da shui	10
竹篱茅舍	zhu li mao she	6
笑而不答	xiao er bu da	32
笔下生花	bi xia sheng hua	5
笔酣墨饱	bi han mo bao	1
笨嘴拙舌	ben zui zhuo she	3
笼中之鸟	long zhong zhi niao	10
笼络人心	long luo ren xin	44
等因奉此	deng yin feng ci	1
等闲之辈	deng xian zhi bei	36
管鲍之交	guan bao zhi jiao	7
箭在弦上不得不发	jian zai xian shang bu de bu fa	3
箭无虚发	jian wu xu fa	13
粉妆玉琢	fen zhuang yu zhuo	6
粉妆玉砌	fen zhuang yu qi	6
粗通文墨	cu tong wen mo	7
粥少僧多	zhou shao seng duo	1
粮草先行	liang cao xian xing	4
精力过人	jing li guo ren	7
精妙绝伦	jing miao jue lun	22
精确瞄准	jing que miao zhun	33
精神焕发	jing shen huan fa	14
精神百倍	jing shen bai bei	18
精神矍铄	jing shen jue shuo	23
精美绝伦	jing mei jue lun	40
精诚团结	jing cheng tuan jie	32
精诚所至	jing cheng suo zhi	18
精诚所至金石为开	jing cheng suo zhi jin shi wei kai	12
精锐之师	jing rui zhi shi	18
糟糠之妻不下堂	zao kang zhi qi bu xia tang	5
索然寡味	suo ran gua wei	6
紫气东来	zi qi dong lai	48
繁荣兴旺	fan rong xing wang	26
繁荣富强	fan rong fu qiang	20
纡尊降贵	yu zun jiang gui	11
红袖添香	hong xiu tian xiang	18
纤尘不染	xian chen bu ran	8
纯属骗局	chun shu pian ju	1
纲纪废弛	gang ji fei chi	4
纷纷攘攘	fen fen rang rang	2
纸上得来终觉浅	zhi shang de lai zhong jue qian	16
纸里包不住火	zhi li bao bu zhu huo	3
细微末节	xi wei mo jie	12
终南捷径	zhong nan jie jing	12
终成泡影	zhong cheng pao ying	6
经久不息	jing jiu bu xi	30
经天纬地	jing tian wei di	20
经纬万端	jing wei wan duan	2
经营惨淡	jing ying can dan	16
绝世佳人	jue shi jia ren	1
绝代佳人	jue dai jia ren	30
绝口不谈	jue kou bu tan	11
绝路逢生	jue lu feng sheng	6
绝顶聪明	jue ding cong ming	37
绳锯木断	sheng ju mu duan	1
绵延不断	mian yan bu duan	26
绵绵不断	mian mian bu duan	18
绵绵不绝	mian mian bu jue	24
绿叶成荫	lv ye cheng yin	4
绿林好汉	lv lin hao han	40
绿肥红瘦	lv fei hong shou	12
绿草如茵	lv cao ru yin	24
缄口不言	jian kou bu yan	15
缓不济急	huan bu ji ji	36
缩衣节食	suo yi jie shi	9
缺吃少穿	que chi shao chuan	3
缺衣少食	que yi shao shi	17
罚不当罪	fa bu dang zui	6
罪加一等	zui jia yi deng	11
罪恶深重	zui e shen zhong	17
罪恶滔天	zui e tao tian	11
罪责难逃	zui ze nan tao	10
置之不顾	zhi zhi bu gu	19
置之死地	zhi zhi si di	20
置之死地而后快	zhi zhi si di er hou kuai	7
置之死地而后生	zhi zhi si di er hou sheng	16
羊续悬鱼	yang xu xuan yu	6
羊肠小径	yang chang xiao jing	23
美人迟暮	mei ren chi mu	14
羚羊挂角	ling yang gua jiao	9
群而不党	qun er bu dang	4
群英荟萃	qun ying hui cui	26
群起效尤	qun qi xiao you	5
群起而攻之	qun qi er gong zhi	30
群雄逐鹿	qun xiong zhu lu	31
羽毛丰满	yu mao feng man	4
翩翩公子	pian pian gong zi	14
翩翩少年	pian pian shao nian	29
翩翩风度	pian pian feng du	3
翩若惊鸿	pian ruo jing hong	8
翻手为云	fan shou wei yun	8
翻手为云覆手为雨	fan shou wei yun fu shou wei yu	3
翻箱倒箧	fan xiang dao qie	4
老之将至	lao zhi jiang zhi	7
老僧入定	lao seng ru ding	5
老子英雄儿好汉	lao zi ying xiong er hao han	17
老有所终	lao you suo zhong	6
老王卖瓜	lao wang mai gua	7
老鼠过街	lao shu guo jie	4
老鼠过街人人喊打	lao shu guo jie ren ren han da	4
耐人咀嚼	nai ren ju jue	1
耳听八方	er ting ba fang	19
耳朵起茧	er duo qi jian	10
耳根清净	er gen qing jing	9
耳顺之年	er shun zhi nian	13
耸入云霄	song ru yun xiao	3
耿耿忠心	geng geng zhong xin	4
聊备一格	liao bei yi ge	9
聚众滋事	ju zhong zi shi	18
聚少成多	ju shao cheng duo	7
聪明一世	cong ming yi shi	10
聪明反被聪明误	cong ming fan bei cong ming wu	43
聪明智慧	cong ming zhi hui	29
聪明睿智	cong ming rui zhi	30
聪明能干	cong ming neng gan	37
聪明过人	cong ming guo ren	48
聪颖过人	cong ying guo ren	35
肆意横行	si yi heng xing	15
肆虐横行	si nve heng xing	3
肉眼凡胎	rou yan fan tai	3
肉食者鄙	rou shi zhe bi	3
股掌之上	gu zhang zhi shang	10
肤如凝脂	fu ru ning zhi	26
胜不骄败不馁	sheng bu jiao bai bu nei	5
胜友如云	sheng you ru yun	2
胜读十年书	sheng du shi nian shu	45
胜败乃兵家常事	sheng bai nai bing jia chang shi	21
胯下之辱	kua xia zhi ru	8
胸中块垒	xiong zhong kuai lei	2
胸中有数	xiong zhong you shu	1
胸有丘壑	xiong you qiu he	5
能者为师	neng zhe wei shi	2
脉络分明	mai luo fen ming	3
脉脉含情	mo mo han qing	5
脍不厌细	kuai bu yan xi	3
脚不沾地	jiao bu zhan di	22
脚不点地	jiao bu dian di	6
脱缰之马	tuo jiang zhi ma	1
脸红耳热	lian hong er re	2
脸红耳赤	lian hong er chi	7
腹心之疾	fu xin zhi ji	3
腾空而起	teng kong er qi	25
膏腴之地	gao yu zhi di	12
自以为得计	zi yi wei de ji	1
自出机杼	zi chu ji zhu	6
自命清高	zi ming qing gao	27
自我治疗	zi wo zhi liao	36
自掘坟墓	zi jue fen mu	35
自有公论	zi you gong lun	19
自由泛滥	zi you fan lan	6
自觉自愿	zi jue zi yuan	18
臭不可闻	chou bu ke wen	19
臭名昭彰	chou ming zhao zhang	37
至亲好友	zhi qin hao you	35
至亲骨肉	zhi qin gu rou	5
舌战群儒	she zhan qun ru	24
舍命救人	she ming jiu ren	4
舍命陪君子	she ming pei jun zi	39
舍己为公	she ji wei gong	6
舍得一身剐	she de yi shen gua	5
舍本求末	she ben qiu mo	8
舍身为国	she shen wei guo	3
舍身成仁	she shen cheng ren	8
船坚炮利	chuan jian pao li	27
良知良能	liang zhi liang neng	3
良禽择木	liang qin ze mu	5
良莠不分	liang you bu fen	2
良辰吉日	liang chen ji ri	23
艰深晦涩	jian shen hui se	8
艰苦创业	jian ku chuang ye	47
艰难曲折	jian nan qu zhe	9
色胆包天	se dan bao tian	6
艺高胆大	yi gao dan da	13
芙蓉出水	fu rong chu shui	3
芝兰之室	zhi lan zhi shi	2
芬芳馥郁	fen fang fu yu	3
花无百日红	hua wu bai ri hong	7
花样百出	hua yang bai chu	23
花甲之年	hua jia zhi nian	36
花红柳绿	hua hong liu lv	17
花花型警	hua hua xing jing	13
花香鸟语	hua xiang niao yu	5
苍松翠柏	cang song cui bai	10
苍白无力	cang bai wu li	21
苍翠欲滴	cang cui yu di	4
若有所悟	ruo you suo wu	5
若烹小鲜	ruo peng xiao xian	4
若要人不知	ruo yao ren bu zhi	29
苦不聊生	ku bu liao sheng	7
苦乐不均	ku le bu jun	3
苦口良药	ku kou liang yao	43
苦心积虑	ku xin ji lv	2
苦难深重	ku nan shen zhong	2
英姿勃勃	ying zi bo bo	8
英姿焕发	ying zi huan fa	8
英雄无用武之地	ying xiong wu yong wu zhi di	8
英雄辈出	ying xiong bei chu	8
茂林修竹	mao lin xiu zhu	24
荆楚岁时记	jing chu sui shi ji	35
草率从事	cao shuai cong shi	3
草船借箭	cao chuan jie jian	20
草草了事	cao cao liao shi	30
草草收兵	cao cao shou bing	7
草蛇灰线	cao she hui xian	6
草长莺飞	cao zhang ying fei	1
荒唐无稽	huang tang wu ji	14
荒淫无度	huang yin wu du	49
荒淫无耻	huang yin wu chi	8
荟萃一堂	hui cui yi tang	7
荦荦大端	luo luo da duan	1
荦荦大者	luo luo da zhe	3
莫可奈何	mo ke nai he	16
获益匪浅	huo yi fei qian	29
莺飞草长	ying fei cao zhang	1
落拓不羁	luo tuo bu ji	7
落日余晖	luo ri yu hui	20
落花有意	luo hua you yi	33
落花有意流水无情	luo hua you yi liu shui wu qing	7
落英缤纷	luo ying bin fen	24
落草为寇	luo cao wei kou	40
蓬生麻中	peng sheng ma zhong	1
蓬荜生辉	peng bi sheng hui	27
蓬蓬勃勃	peng peng bo bo	2
蔚成风气	wei cheng feng qi	1
薄技在身	bo ji zai shen	1
薪尽火传	xin jin huo chuan	5
藏之名山	cang zhi ming shan	4
虎口逃生	hu kou tao sheng	2
虎落平阳	hu luo ping yang	22
虚度年华	xu du nian hua	23
虚晃一枪	xu huang yi qiang	9
虚虚实实	xu xu shi shi	29
虱多不痒	shi duo bu yang	1
虽死犹生	sui si you sheng	13
蚁穴溃堤	yi xue kui di	6
蚍蜉撼树	pi fu han shu	4
蚕食鲸吞	can shi jing tun	9
蛇蝎心肠	she xie xin chang	30
蛮横无理	man heng wu li	36
蜀中无大将	shu zhong wu da jiang	8
蜂拥而入	feng yong er ru	20
蜂拥而出	feng yong er chu	12
蜂拥而来	feng yong er lai	23
蜕化变质	tui hua bian zhi	7
蜚短流长	fei duan liu chang	14
蝇头小利	ying tou xiao li	22
蝇头小楷	ying tou xiao kai	4
螳臂挡车	tang bi dang che	16
螳螂捕蝉	tang lang bu chan	37
螳螂捕蝉黄雀在后	tang lang bu chan huang que zai hou	16
蟾宫折桂	chan gong zhe gui	5
血债累累	xue zhai lei lei	2
血光之灾	xue guang zhi zai	14
血性男儿	xue xing nan er	4
血染沙场	xue ran sha chang	3
血泪斑斑	xue lei ban ban	3
行不更名	xing bu geng ming	11
行己有耻	xing ji you chi	6
行有余力	xing you yu li	10
行百里者半九十	xing bai li zhe ban jiu shi	14
行而不远	xing er bu yuan	7
行行出状元	hang hang chu zhuang yuan	45
街坊四邻	jie fang si lin	5
街坊邻里	jie fang lin li	18
街头巷议	jie tou xiang yi	7
衣来伸手	yi lai shen shou	12
衣来伸手饭来张口	yi lai shen shou fan lai zhang kou	18
衣锦夜行	yi jin ye xing	5
衣香鬓影	yi xiang bin ying	8
补偏救弊	bu pian jiu bi	5
表里一致	biao li yi zhi	13
表里山河	biao li shan he	2
衮衮诸公	gun gun zhu gong	7
袅袅娜娜	niao niao nuo nuo	1
袒胸露背	tan xiong lu bei	11
装潢门面	zhuang huang men mian	6
装点门面	zhuang dian men mian	12
褒衣博带	bao yi bo dai	4
西出阳关无故人	xi chu yang guan wu gu ren	34
要死要活	yao si yao huo	3
要而言之	yao er yan zhi	2
覆巢之下无完卵	fu chao zhi xia wu wan luan	4
见利思义	jian li si yi	6
见惯不惊	jian guan bu jing	8
见机而作	jian ji er zuo	3
见物不见人	jian wu bu jian ren	1
见猎心喜	jian lie xin xi	4
见贤思齐	jian xian si qi	32
见风转舵	jian feng zhuan duo	45
见龙卸甲	jian long xie jia	41
观者云集	guan zhe yun ji	1
观者如云	guan zhe ru yun	2
规行矩步	gui xing ju bu	3
视为儿戏	shi wei er xi	1
视为畏途	shi wei wei tu	12
视为知己	shi wei zhi ji	7
视同儿戏	shi tong er xi	1
视如珍宝	shi ru zhen bao	5
视死如生	shi si ru sheng	1
视民如伤	shi min ru shang	1
视而不见听而不闻	shi er bu jian ting er bu wen	4
觊觎之心	ji yu zhi xin	14
解民倒悬	jie min dao xuan	2
解疑释惑	jie yi shi huo	2
解铃还须系铃人	jie ling hai xu xi ling ren	1
触手可及	chu shou ke ji	48
言之无文	yan zhi wu wen	6
言之谆谆	yan zhi zhun zhun	7
言人人殊	yan ren ren shu	7
言出法随	yan chu fa sui	6
言必信行必果	yan bi xin xing bi guo	1
言必有据	yan bi you ju	2
言无不尽	yan wu bu jin	28
言有尽而意无穷	yan you jin er yi wu qiong	2
言笑晏晏	yan xiao yan yan	3
言简意深	yan jian yi shen	3
言者谆谆	yan zhe zhun zhun	7
言而有信	yan er you xin	32
言近旨远	yan jin zhi yuan	4
誉满天下	yu man tian xia	10
誓死不屈	shi si bu qu	5
计上心头	ji shang xin tou	7
计上心来	ji shang xin lai	5
议论纷纭	yi lun fen yun	4
议论风生	yi lun feng sheng	11
讲信修睦	jiang xin xiu mu	7
讷言敏行	ne yan min xing	1
识时务者为俊杰	shi shi wu zhe wei jun jie	31
识途老马	shi tu lao ma	5
诗中有画	shi zhong you hua	11
诗礼传家	shi li chuan jia	25
诗酒风流	shi jiu feng liu	5
诚心实意	cheng xin shi yi	9
诚心正意	cheng xin zheng yi	1
诛心之论	zhu xin zhi lun	5
话不投机	hua bu tou ji	19
话不投机半句多	hua bu tou ji ban ju duo	1
话里带刺	hua li dai ci	6
诡谲多变	gui jue duo bian	17
语不惊人	yu bu jing ren	10
语不惊人死不休	yu bu jing ren si bu xiu	11
诲淫诲盗	hui yin hui dao	3
说千道万	shuo qian dao wan	7
说时迟那时快	shuo shi chi na shi kuai	23
诸恶莫作	zhu e mo zuo	24
读书破万卷	du shu po wan juan	14
谁是谁非	shui shi shui fei	35
调和阴阳	tiao he yin yang	10
调和鼎鼐	tiao he ding nai	10
谆谆告诫	zhun zhun gao jie	4
谆谆善诱	zhun zhun shan you	14
谆谆教导	zhun zhun jiao dao	13
谈古论今	tan gu lun jin	13
谈天论地	tan tian lun di	3
谈笑有鸿儒	tan xiao you hong ru	18
谈笑自如	tan xiao zi ru	8
谋事在人	mou shi zai ren	36
谓予不信	wei yu bu xin	1
谦虚谨慎	qian xu jin shen	44
谬以千里	miu yi qian li	8
谬种流传	miu zhong liu chuan	3
谬误百出	miu wu bai chu	4
谷贱伤农	gu jian shang nong	1
豁达大度	huo da da du	17
豪情壮志	hao qing zhuang zhi	17
豺狼当道	chai lang dang dao	6
豺狼虎豹	chai lang hu bao	17
负重致远	fu zhong zhi yuan	1
财不露白	cai bu lu bai	9
财源滚滚	cai yuan gun gun	25
财运亨通	cai yun heng tong	35
败事有余	bai shi you yu	8
败兴而归	bai xing er gui	18
败军之将	bai jun zhi jiang	14
败絮其中	bai xu qi zhong	21
贩夫走卒	fan fu zou zu	30
贪多嚼不烂	tan duo jiao bu lan	1
贪心不足	tan xin bu zu	26
贪财好色	tan cai hao se	24
贫困潦倒	pin kun liao dao	40
贫贱不移	pin jian bu yi	3
贫贱不能移	pin jian bu neng yi	9
贯彻始终	guan che shi zhong	43
贵在知心	gui zai zhi xin	1
费心劳力	fei xin lao li	2
费心劳神	fei xin lao shen	2
贻人口实	yi ren kou shi	1
贼心不死	zei xin bu si	9
贿赂公行	hui lu gong xing	13
赌咒发誓	du zhou fa shi	8
赏心乐事	shang xin le shi	14
赔了夫人又折兵	pei le fu ren you zhe bing	24
赞口不绝	zan kou bu jue	11
赤身露体	chi shen lu ti	20
走为上策	zou wei shang ce	30
走为上计	zou wei shang ji	18
赶鸭子上架	gan ya zi shang jia	45
趁人之危	chen ren zhi wei	26
超然独立	chao ran du li	5
超群出众	chao qun chu zhong	12
趑趄不前	zi ju bu qian	7
足不出门	zu bu chu men	5
跃马扬鞭	yue ma yang bian	3
跑了和尚跑不了庙	pao le he shang pao bu liao miao	2
路人皆知	lu ren jie zhi	48
路见不平拔刀相助	lu jian bu ping ba dao xiang zhu	19
路遥知马力	lu yao zhi ma li	49
踉踉跄跄	liang liang qiang qiang	24
踌躇不决	chou chu bu jue	7
踏破铁鞋	ta po tie xie	9
踏破铁鞋无觅处	ta po tie xie wu mi chu	9
踟蹰不前	chi chu bu qian	3
踽踽独行	ju ju du xing	6
身单力薄	shen dan li bo	2
身在曹营心在汉	shen zai cao ying xin zai han	45
身在江湖	shen zai jiang hu	5
身心交瘁	shen xin jiao cui	24
身教重于言教	shen jiao zhong yu yan jiao	9
身无长物	shen wu chang wu	18
躬行实践	gong xing shi jian	19
躬逢其盛	gong feng qi sheng	4
车如流水马如龙	che ru liu shui ma ru long	3
转悲为喜	zhuan bei wei xi	3
转战千里	zhuan zhan qian li	7
转眼之间	zhuan yan zhi jian	43
轮流做庄	lun liu zuo zhuang	6
轻如鸿毛	qing ru hong mao	12
轻装前进	qing zhuang qian jin	9
轻装简从	qing zhuang jian cong	5
轻言细语	qing yan xi yu	8
轻诺寡信	qing nuo gua xin	1
载沉载浮	zai chen zai fu	6
载舟覆舟	zai zhou fu zhou	6
辩才无碍	bian cai wu ai	28
达则兼济天下	da ze jian ji tian xia	23
达官显宦	da guan xian huan	4
迁客骚人	qian ke sao ren	4
迁怒于人	qian nu yu ren	7
过五关斩六将	guo wu guan zhan liu jiang	39
过江之鲫	guo jiang zhi ji	13
过河卒子	guo he zu zi	3
过而能改	guo er neng gai	1
过路财神	guo lu cai shen	2
过门不入	guo men bu ru	4
迎风招展	ying feng zhao zhan	10
近乡情怯	jin xiang qing qie	17
近在眉睫	jin zai mei jie	6
近悦远来	jin yue yuan lai	3
还我河山	huan wo he shan	47
这山望着那山高	zhe shan wang zhe na shan gao	7
进德修业	jin de xiu ye	29
进身之阶	jin shen zhi jie	4
进退有度	jin tui you du	14
进道若退	jin dao ruo tui	3
远亲不如近邻	yuan qin bu ru jin lin	20
远亲近邻	yuan qin jin lin	11
远水不解近渴	yuan shui bu jie jin ke	9
远水解不了近渴	yuan shui jie bu liao jin ke	9
连战皆捷	lian zhan jie jie	37
连日连夜	lian ri lian ye	3
迟暮之年	chi mu zhi nian	12
迟疑不决	chi yi bu jue	30
迟疑不定	chi yi bu ding	3
迟疑观望	chi yi guan wang	6
迷惑不解	mi huo bu jie	20
追根求源	zhui gen qiu yuan	7
追根溯源	zhui gen su yuan	45
追根问底	zhui gen wen di	3
追风逐日	zhui feng zhu ri	6
送君千里	song jun qian li	17
送旧迎新	song jiu ying xin	9
适逢其时	shi feng qi shi	5
逆我者亡	ni wo zhe wang	16
逆耳之言	ni er zhi yan	6
选贤与能	xuan xian yu neng	17
选贤举能	xuan xian ju neng	3
逐句逐字	zhu ju zhu zi	1
逐鹿中原	zhu lu zhong yuan	40
逝者如斯	shi zhe ru si	13
逞强好胜	cheng qiang hao sheng	4
逢山开路	feng shan kai lu	5
逢山开路遇水搭桥	feng shan kai lu yu shui da qiao	6
逢山开道	feng shan kai dao	7
逸兴遄飞	yi xing chuan fei	3
逸趣横生	yi qu heng sheng	2
逸闻趣事	yi wen qu shi	15
逼人太甚	bi ren tai shen	1
遇水架桥	yu shui jia qiao	5
遐迩闻名	xia er wen ming	7
道德文章	dao de wen zhang	13
道路以目	dao lu yi mu	12
道骨仙风	dao gu xian feng	7
道高一丈	dao gao yi zhang	5
道高一尺	dao gao yi chi	18
道高一尺魔高一丈	dao gao yi chi mo gao yi zhang	23
遗世独立	yi shi du li	23
遗患无穷	yi huan wu qiong	8
遗老遗少	yi lao yi shao	16
遥遥在望	yao yao zai wang	7
遮人耳目	zhe ren er mu	4
避人耳目	bi ren er mu	29
避实击虚	bi shi ji xu	26
避难就易	bi nan jiu yi	6
邪不胜正	xie bu sheng zheng	33
郁郁不乐	yu yu bu le	22
酒后失言	jiu hou shi yan	13
酒后无德	jiu hou wu de	1
酒绿灯红	jiu lv deng hong	2
酒醉饭饱	jiu zui fan bao	3
酗酒滋事	xu jiu zi shi	2
酣然入梦	han ran ru meng	2
里勾外连	li gou wai lian	5
重于泰山	zhong yu tai shan	33
重赏之下	zhong shang zhi xia	1
重赏之下必有勇夫	zhong shang zhi xia bi you yong fu	8
量才录用	liang cai lu yong	7
金刚怒目	jin gang nu mu	6
金声玉振	jin sheng yu zhen	17
金无足赤	jin wu zu chi	2
金玉其外	jin yu qi wai	22
金玉其外败絮其中	jin yu qi wai bai xu qi zhong	16
金风送爽	jin feng song shuang	1
金马碧鸡	jin ma bi ji	25
金鼓齐鸣	jin gu qi ming	6
釜底之鱼	fu di zhi yu	6
鉴往知来	jian wang zhi lai	6
针尖对麦芒	zhen jian dui mai mang	9
钩心斗角	gou xin dou jiao	8
钻心刺骨	zuan xin ci gu	2
铁嘴钢牙	tie zui gang ya	1
铁画银钩	tie hua yin gou	4
铁面无情	tie mian wu qing	2
铁马金戈	tie ma jin ge	4
铜壶滴漏	tong hu di lou	21
铭心刻骨	ming xin ke gu	10
铭记不忘	ming ji bu wang	6
铮铮有声	zheng zheng you sheng	1
铮铮铁汉	zheng zheng tie han	5
银样镴枪头	yin yang la qiang tou	2
铸剑为犁	zhu jian wei li	12
铸成大错	zhu cheng da cuo	28
错上加错	cuo shang jia cuo	20
锦绣山河	jin xiu shan he	7
锦绣江山	jin xiu jiang shan	13
锦绣河山	jin xiu he shan	25
长乐未央	chang le wei yang	9
长幼尊卑	chang you zun bei	14
长幼有序	chang you you xu	32
长歌当哭	chang ge dang ku	4
长江天堑	chang jiang tian qian	10
长篇累牍	chang pian lei du	7
长足进展	chang zu jin zhan	19
长风破浪	chang feng po lang	5
门户之争	men hu zhi zheng	6
门户洞开	men hu dong kai	39
门禁森严	men jin sen yan	6
闭口不言	bi kou bu yan	19
闭门读书	bi men du shu	48
问鼎中原	wen ding zhong yuan	19
闲言闲语	xian yan xian yu	44
闻者足戒	wen zhe zu jie	9
闻风而至	wen feng er zhi	20
闻风而逃	wen feng er tao	23
防微虑远	fang wei lv yuan	2
防民之口	fang min zhi kou	5
防民之口甚于防川	fang min zhi kou shen yu fang chuan	5
阴曹地府	yin cao di fu	35
陈谷子烂芝麻	chen gu zi lan zhi ma	1
陌路相逢	mo lu xiang feng	3
降尊纡贵	jiang zun yu gui	6
降格以求	jiang ge yi qiu	1
险遭不测	xian zao bu ce	9
隐名埋姓	yin ming mai xing	7
隐忍不发	yin ren bu fa	12
隔行如隔山	ge hang ru ge shan	46
难乎其难	nan hu qi nan	1
难以企及	nan yi qi ji	41
难以名状	nan yi ming zhuang	32
难以挽回	nan yi wan hui	33
难以理喻	nan yi li yu	3
难以逆料	nan yi ni liao	1
难分难舍	nan fen nan she	26
难如登天	nan ru deng tian	16
难登大雅之堂	nan deng da ya zhi tang	29
雁过留声	yan guo liu sheng	12
雄赳赳气昂昂	xiong jiu jiu qi ang ang	29
雍容典雅	yong rong dian ya	6
雍容大度	yong rong da du	8
雏鹰展翅	chu ying zhan chi	2
雕栏玉砌	diao lan yu qi	2
雕龙画凤	diao long hua feng	2
雨打风吹	yu da feng chui	7
雨淋日晒	yu lin ri shai	4
零乱不堪	ling luan bu kan	3
零零星星	ling ling xing xing	16
雷声大雨点小	lei sheng da yu dian xiao	44
雷霆一击	lei ting yi ji	7
震天动地	zhen tian dong di	17
霞光万道	xia guang wan dao	4
露出马脚	lu chu ma jiao	33
露水夫妻	lu shui fu qi	4
青云之志	qing yun zhi zhi	3
青出于蓝胜于蓝	qing chu yu lan sheng yu lan	28
青史留名	qing shi liu ming	19
青山不老	qing shan bu lao	7
青枝绿叶	qing zhi lv ye	2
青灯古佛	qing deng gu fo	12
青灯黄卷	qing deng huang juan	3
静若处子	jing ruo chu zi	49
非一日之寒	fei yi ri zhi han	7
非分之财	fei fen zhi cai	3
非同儿戏	fei tong er xi	3
非学无以广才	fei xue wu yi guang cai	2
非宁静无以致远	fei ning jing wu yi zhi yuan	9
非志无以成学	fei zhi wu yi cheng xue	6
非我族类	fei wo zu lei	46
非淡泊无以明志	fei dan bo wu yi ming zhi	4
靠天吃饭	kao tian chi fan	14
靠山吃山	kao shan chi shan	2
靠山吃山靠水吃水	kao shan chi shan kao shui chi shui	8
靠水吃水	kao shui chi shui	2
靡不有初	mi bu you chu	6
面不改色心不跳	mian bu gai se xin bu tiao	7
面无人色	mian wu ren se	4
面有菜色	mian you cai se	1
面目可憎	mian mu ke zeng	42
面红耳热	mian hong er re	4
鞠躬尽瘁死而后已	ju gong jin cui si er hou yi	7
韦编三绝	wei bian san jue	11
音信杳无	yin xin yao wu	2
音容宛在	yin rong wan zai	9
顷刻之间	qing ke zhi jian	18
项庄舞剑	xiang zhuang wu jian	10
项庄舞剑意在沛公	xiang zhuang wu jian yi zai pei gong	1
顺我者昌	shun wo zhe chang	11
顺我者昌逆我者亡	shun wo zhe chang ni wo zhe wang	1
顺时而动	shun shi er dong	3
顺水行舟	shun shui xing zhou	5
顺水顺风	shun shui shun feng	6
须发皆白	xu fa jie bai	8
顽固不化	wan gu bu hua	31
顾前不顾后	gu qian bu gu hou	5
顾头不顾尾	gu tou bu gu wei	1
顾盼生姿	gu pan sheng zi	3
顾盼生辉	gu pan sheng hui	6
顾盼自雄	gu pan zi xiong	1
顿足捶胸	dun zu chui xiong	7
颜面扫地	yan mian sao di	14
颠簸不破	dian bo bu po	6
风中之烛	feng zhong zhi zhu	16
风云际会	feng yun ji hui	44
风俗人情	feng su ren qing	19
风吹云散	feng chui yun san	5
风吹浪打	feng chui lang da	2
风声鹤唳草木皆兵	feng sheng he li cao mu jie bing	6
风急浪高	feng ji lang gao	2
风月无边	feng yue wu bian	15
风流人物	feng liu ren wu	23
风流潇洒	feng liu xiao sa	19
风清月朗	feng qing yue lang	2
风清气爽	feng qing qi shuang	8
风牛马不相及	feng niu ma bu xiang ji	1
风行水上	feng xing shui shang	1
风行草偃	feng xing cao yan	3
风雨不改	feng yu bu gai	45
风霜雨雪	feng shuang yu xue	11
飒爽英姿	sa shuang ying zi	3
飞珠溅玉	fei zhu jian yu	2
食不下咽	shi bu xia yan	39
食不厌精	shi bu yan jing	14
食不知味	shi bu zhi wei	28
食洋不化	shi yang bu hua	1
食而不化	shi er bu hua	6
食言而肥	shi yan er fei	9
餐风露宿	can feng lu su	8
餐风饮露	can feng yin lu	7
饕餮之徒	tao tie zhi tu	1
饭来张口	fan lai zhang kou	33
饮马长江	yin ma chang jiang	4
饱以老拳	bao yi lao quan	11
饱学之士	bao xue zhi shi	25
饱暖思淫欲	bao nuan si yin yu	2
饱经忧患	bao jing you huan	2
饱经风雨	bao jing feng yu	2
饱食终日	bao shi zhong ri	16
饶有兴味	rao you xing wei	3
饶有风趣	rao you feng qu	1
饿殍遍野	e piao bian ye	17
首善之地	shou shan zhi di	2
首尾两端	shou wei liang duan	26
首尾相连	shou wei xiang lian	46
香消玉殒	xiang xiao yu yun	48
香火不绝	xiang huo bu jue	12
香草美人	xiang cao mei ren	14
香车宝马	xiang che bao ma	4
马到功成	ma dao gong cheng	10
马前泼水	ma qian po shui	6
马放南山	ma fang nan shan	1
马革裹尸	ma ge guo shi	25
驰名世界	chi ming shi jie	16
驰名天下	chi ming tian xia	8
驰骋疆场	chi cheng jiang chang	9
驴头不对马嘴	lv tou bu dui ma zui	36
驷马难追	si ma nan zhui	48
驻颜有术	zhu yan you shu	16
驽马十驾	nu ma shi jia	2
骂不绝口	ma bu jue kou	33
骄兵必败	jiao bing bi bai	6
骇浪惊涛	hai lang jing tao	6
骚人墨客	sao ren mo ke	25
骨肉分离	gu rou fen li	32
骨肉团圆	gu rou tuan yuan	1
骨肉相残	gu rou xiang can	32
骨肉相连	gu rou xiang lian	32
骨肉离散	gu rou li san	1
骨肉至亲	gu rou zhi qin	7
高不可及	gao bu ke ji	9
高人一筹	gao ren yi chou	11
高出一筹	gao chu yi chou	9
高头讲章	gao tou jiang zhang	6
高山峻岭	gao shan jun ling	21
高高挂起	gao gao gua qi	4
魔高一丈	mo gao yi zhang	27
魔高一尺	mo gao yi chi	3
魔高一尺道高一丈	mo gao yi chi dao gao yi zhang	5
鱼水深情	yu shui shen qing	1
鱼肉乡里	yu rou xiang li	10
鱼肉百姓	yu rou bai xing	30
鱼贯而出	yu guan er chu	3
鱼贯而行	yu guan er xing	2
鲁难未已	lu nan wei yi	6
鲍鱼之肆	bao yu zhi si	2
鲜克有终	xian ke you zhong	9
鲜艳夺目	xian yan duo mu	21
鲤鱼跳龙门	li yu tiao long men	49
鲸吞蚕食	jing tun can shi	8
鸟为食亡	niao wei shi wang	9
鸡犬之声相闻	ji quan zhi sheng xiang wen	1
鸡鸣犬吠	ji ming quan fei	1
鸡鸣狗吠	ji ming gou fei	1
鸢飞鱼跃	yuan fei yu yue	6
鸾凤和鸣	luan feng he ming	21
鹬蚌相争	yu bang xiang zheng	43
鹰击长空	ying ji chang kong	21
麻姑献寿	ma gu xian shou	22
麻痹大意	ma bi da yi	12
麻雀虽小	ma que sui xiao	16
麻雀虽小五脏俱全	ma que sui xiao wu zang ju quan	9
黄发垂髫	huang fa chui tiao	2
黄粱美梦	huang liang mei meng	6
黄钟大吕	huang zhong da lv	7
黄钟毁弃	huang zhong hui qi	1
黄雀在后	huang que zai hou	26
黑云压城城欲摧	hei yun ya cheng cheng yu cui	15
黑白混淆	hei bai hun xiao	4
默默不语	mo mo bu yu	12
默默无声	mo mo wu sheng	6
默默无语	mo mo wu yu	31
黯然伤神	an ran shang shen	5
鼎新革故	ding xin ge gu	1
鼎足而三	ding zu er san	26
鼎足而立	ding zu er li	49
鼎鼎有名	ding ding you ming	13
鼓乐喧天	gu yue xuan tian	5
鼓乐齐鸣	gu yue qi ming	3
鼓足干劲	gu zu gan jin	23
鼻孔朝天	bi kong chao tian	2
鼻青眼肿	bi qing yan zhong	3
鼾声如雷	han sheng ru lei	19
齐家治国	qi jia zhi guo	27
齐心合力	qi xin he li	29
齐烟九点	qi yan jiu dian	18
齐驱并进	qi qu bing jin	1
齐齐整整	qi qi zheng zheng	29
龙生龙凤生凤	long sheng long feng sheng feng	2
龙盘虎踞	long pan hu ju	6
龙精虎猛	long jing hu meng	11
龙蛇混杂	long she hun za	46
龙马精神	long ma jing shen	10
